"dado_coletado";"Representacao";"data_hora";"nome_componente";"descricao";"id_maquina";"hostname";"razao_social"
9.2;"%";"2023-12-05 20:25:20";"CPU";"uso de cpu py";4;"luize";"ViaMobilidade"
15.6;"%";"2023-12-05 20:25:14";"CPU";"uso de cpu py";4;"luize";"ViaMobilidade"
8.9;"%";"2023-12-04 22:42:00";"CPU";"uso de cpu py";4;"luize";"ViaMobilidade"
28.2;"%";"2023-12-04 22:41:54";"CPU";"uso de cpu py";4;"luize";"ViaMobilidade"
3.1;"%";"2023-12-04 22:40:35";"CPU";"uso de cpu py";4;"luize";"ViaMobilidade"
3.9;"%";"2023-12-04 22:39:04";"CPU";"uso de cpu py";4;"luize";"ViaMobilidade"
50.0;"%";"2023-12-04 21:38:52";"CPU";"uso de cpu py";4;"luize";"ViaMobilidade"
19.5;"%";"2023-12-04 21:38:46";"CPU";"uso de cpu py";4;"luize";"ViaMobilidade"
23.1;"%";"2023-12-04 21:38:40";"CPU";"uso de cpu py";4;"luize";"ViaMobilidade"
48.0;"%";"2023-12-04 21:38:34";"CPU";"uso de cpu py";4;"luize";"ViaMobilidade"
25.6;"%";"2023-12-04 21:38:28";"CPU";"uso de cpu py";4;"luize";"ViaMobilidade"
4.7;"%";"2023-12-04 21:38:22";"CPU";"uso de cpu py";4;"luize";"ViaMobilidade"
6.6;"%";"2023-12-04 21:38:16";"CPU";"uso de cpu py";4;"luize";"ViaMobilidade"
10.7;"%";"2023-12-04 21:38:09";"CPU";"uso de cpu py";4;"luize";"ViaMobilidade"
6.3;"%";"2023-12-04 21:38:03";"CPU";"uso de cpu py";4;"luize";"ViaMobilidade"
3.9;"%";"2023-12-04 21:37:57";"CPU";"uso de cpu py";4;"luize";"ViaMobilidade"
3.6;"%";"2023-12-04 21:37:51";"CPU";"uso de cpu py";4;"luize";"ViaMobilidade"
18.5;"%";"2023-12-04 21:37:45";"CPU";"uso de cpu py";4;"luize";"ViaMobilidade"
14.0;"%";"2023-12-04 21:37:39";"CPU";"uso de cpu py";4;"luize";"ViaMobilidade"
19.3;"%";"2023-12-04 21:37:33";"CPU";"uso de cpu py";4;"luize";"ViaMobilidade"
22.5;"%";"2023-12-04 21:37:26";"CPU";"uso de cpu py";4;"luize";"ViaMobilidade"
12.5;"%";"2023-12-04 21:37:20";"CPU";"uso de cpu py";4;"luize";"ViaMobilidade"
10.1;"%";"2023-12-04 21:37:14";"CPU";"uso de cpu py";4;"luize";"ViaMobilidade"
8.6;"%";"2023-12-04 21:37:08";"CPU";"uso de cpu py";4;"luize";"ViaMobilidade"
3.5;"%";"2023-12-04 21:37:02";"CPU";"uso de cpu py";4;"luize";"ViaMobilidade"
12.9;"%";"2023-12-04 21:36:56";"CPU";"uso de cpu py";4;"luize";"ViaMobilidade"
31.5;"%";"2023-12-04 21:36:50";"CPU";"uso de cpu py";4;"luize";"ViaMobilidade"
8.2;"%";"2023-12-04 21:36:43";"CPU";"uso de cpu py";4;"luize";"ViaMobilidade"
1.6;"%";"2023-12-04 20:53:20";"CPU";"uso de cpu py";4;"luize";"ViaMobilidade"
2.0;"%";"2023-12-04 20:53:14";"CPU";"uso de cpu py";4;"luize";"ViaMobilidade"
6.6;"%";"2023-12-04 20:51:00";"CPU";"uso de cpu py";4;"luize";"ViaMobilidade"
7.0;"%";"2023-12-04 20:50:54";"CPU";"uso de cpu py";4;"luize";"ViaMobilidade"
1.9;"%";"2023-12-04 20:49:10";"CPU";"uso de cpu py";4;"luize";"ViaMobilidade"
0.8;"%";"2023-12-04 20:48:39";"CPU";"uso de cpu py";4;"luize";"ViaMobilidade"
23.7;"%";"2023-12-04 20:48:07";"CPU";"uso de cpu py";4;"luize";"ViaMobilidade"
34.2;"%";"2023-12-04 20:47:35";"CPU";"uso de cpu py";4;"luize";"ViaMobilidade"
2.3;"%";"2023-12-04 20:43:33";"CPU";"uso de cpu py";4;"luize";"ViaMobilidade"
12.9;"%";"2023-12-04 11:50:50";"CPU";"uso de cpu py";4;"luize";"ViaMobilidade"
17.4;"%";"2023-12-04 11:50:16";"CPU";"uso de cpu py";4;"luize";"ViaMobilidade"
4.3;"%";"2023-12-04 11:49:43";"CPU";"uso de cpu py";4;"luize";"ViaMobilidade"
8.2;"%";"2023-12-04 11:49:11";"CPU";"uso de cpu py";4;"luize";"ViaMobilidade"
4.3;"%";"2023-12-04 11:48:39";"CPU";"uso de cpu py";4;"luize";"ViaMobilidade"
6.6;"%";"2023-12-04 11:48:07";"CPU";"uso de cpu py";4;"luize";"ViaMobilidade"
3.9;"%";"2023-12-04 11:47:34";"CPU";"uso de cpu py";4;"luize";"ViaMobilidade"
5.5;"%";"2023-12-04 11:47:02";"CPU";"uso de cpu py";4;"luize";"ViaMobilidade"
10.0;"%";"2023-12-04 11:46:29";"CPU";"uso de cpu py";4;"luize";"ViaMobilidade"
7.8;"%";"2023-12-04 11:45:57";"CPU";"uso de cpu py";4;"luize";"ViaMobilidade"
6.9;"%";"2023-12-04 11:45:24";"CPU";"uso de cpu py";4;"luize";"ViaMobilidade"
29.1;"%";"2023-12-04 11:44:51";"CPU";"uso de cpu py";4;"luize";"ViaMobilidade"
5.4;"%";"2023-12-04 11:44:18";"CPU";"uso de cpu py";4;"luize";"ViaMobilidade"
5.0;"%";"2023-12-04 11:43:46";"CPU";"uso de cpu py";4;"luize";"ViaMobilidade"
4.7;"%";"2023-12-04 11:43:14";"CPU";"uso de cpu py";4;"luize";"ViaMobilidade"
1.6;"%";"2023-12-04 11:42:43";"CPU";"uso de cpu py";4;"luize";"ViaMobilidade"
0.8;"%";"2023-12-04 11:42:12";"CPU";"uso de cpu py";4;"luize";"ViaMobilidade"
6.6;"%";"2023-12-04 11:41:40";"CPU";"uso de cpu py";4;"luize";"ViaMobilidade"
3.5;"%";"2023-12-04 11:41:08";"CPU";"uso de cpu py";4;"luize";"ViaMobilidade"
2.0;"%";"2023-12-04 11:40:36";"CPU";"uso de cpu py";4;"luize";"ViaMobilidade"
30.4;"%";"2023-12-04 11:40:04";"CPU";"uso de cpu py";4;"luize";"ViaMobilidade"
1.5;"%";"2023-12-04 11:39:32";"CPU";"uso de cpu py";4;"luize";"ViaMobilidade"
5.0;"%";"2023-12-04 11:39:00";"CPU";"uso de cpu py";4;"luize";"ViaMobilidade"
3.9;"%";"2023-12-04 11:38:29";"CPU";"uso de cpu py";4;"luize";"ViaMobilidade"
7.4;"%";"2023-12-04 11:37:57";"CPU";"uso de cpu py";4;"luize";"ViaMobilidade"
4.3;"%";"2023-12-04 11:37:25";"CPU";"uso de cpu py";4;"luize";"ViaMobilidade"
5.5;"%";"2023-12-04 11:36:53";"CPU";"uso de cpu py";4;"luize";"ViaMobilidade"
9.6;"%";"2023-12-04 11:36:20";"CPU";"uso de cpu py";4;"luize";"ViaMobilidade"
21.0;"%";"2023-12-04 11:35:47";"CPU";"uso de cpu py";4;"luize";"ViaMobilidade"
1.2;"%";"2023-12-04 11:35:15";"CPU";"uso de cpu py";4;"luize";"ViaMobilidade"
3.1;"%";"2023-12-04 11:34:43";"CPU";"uso de cpu py";4;"luize";"ViaMobilidade"
10.6;"%";"2023-12-04 11:34:12";"CPU";"uso de cpu py";4;"luize";"ViaMobilidade"
26.6;"%";"2023-12-04 11:04:12";"CPU";"uso de cpu py";4;"luize";"ViaMobilidade"
28.1;"%";"2023-12-04 11:03:39";"CPU";"uso de cpu py";4;"luize";"ViaMobilidade"
39.8;"%";"2023-12-04 11:03:06";"CPU";"uso de cpu py";4;"luize";"ViaMobilidade"
31.5;"%";"2023-12-04 11:02:33";"CPU";"uso de cpu py";4;"luize";"ViaMobilidade"
34.3;"%";"2023-12-04 11:02:01";"CPU";"uso de cpu py";4;"luize";"ViaMobilidade"
29.2;"%";"2023-12-04 11:01:28";"CPU";"uso de cpu py";4;"luize";"ViaMobilidade"
25.4;"%";"2023-12-04 11:00:55";"CPU";"uso de cpu py";4;"luize";"ViaMobilidade"
31.0;"%";"2023-12-04 11:00:23";"CPU";"uso de cpu py";4;"luize";"ViaMobilidade"
31.9;"%";"2023-12-04 10:59:50";"CPU";"uso de cpu py";4;"luize";"ViaMobilidade"
27.0;"%";"2023-12-04 10:59:17";"CPU";"uso de cpu py";4;"luize";"ViaMobilidade"
32.0;"%";"2023-12-04 10:58:44";"CPU";"uso de cpu py";4;"luize";"ViaMobilidade"
50.6;"%";"2023-12-04 10:58:12";"CPU";"uso de cpu py";4;"luize";"ViaMobilidade"
30.7;"%";"2023-12-04 10:57:39";"CPU";"uso de cpu py";4;"luize";"ViaMobilidade"
41.4;"%";"2023-12-04 10:57:07";"CPU";"uso de cpu py";4;"luize";"ViaMobilidade"
27.5;"%";"2023-12-04 10:56:34";"CPU";"uso de cpu py";4;"luize";"ViaMobilidade"
23.7;"%";"2023-12-04 10:56:01";"CPU";"uso de cpu py";4;"luize";"ViaMobilidade"
31.0;"%";"2023-12-04 10:55:28";"CPU";"uso de cpu py";4;"luize";"ViaMobilidade"
30.7;"%";"2023-12-04 10:54:56";"CPU";"uso de cpu py";4;"luize";"ViaMobilidade"
26.8;"%";"2023-12-04 10:54:23";"CPU";"uso de cpu py";4;"luize";"ViaMobilidade"
27.0;"%";"2023-12-04 10:53:50";"CPU";"uso de cpu py";4;"luize";"ViaMobilidade"
25.9;"%";"2023-12-04 10:53:17";"CPU";"uso de cpu py";4;"luize";"ViaMobilidade"
31.6;"%";"2023-12-04 10:52:44";"CPU";"uso de cpu py";4;"luize";"ViaMobilidade"
32.4;"%";"2023-12-04 10:52:11";"CPU";"uso de cpu py";4;"luize";"ViaMobilidade"
30.5;"%";"2023-12-04 10:51:38";"CPU";"uso de cpu py";4;"luize";"ViaMobilidade"
28.6;"%";"2023-12-04 10:51:05";"CPU";"uso de cpu py";4;"luize";"ViaMobilidade"
44.7;"%";"2023-12-04 10:50:31";"CPU";"uso de cpu py";4;"luize";"ViaMobilidade"
31.6;"%";"2023-12-04 10:49:58";"CPU";"uso de cpu py";4;"luize";"ViaMobilidade"
30.2;"%";"2023-12-04 10:49:25";"CPU";"uso de cpu py";4;"luize";"ViaMobilidade"
27.0;"%";"2023-12-04 10:48:51";"CPU";"uso de cpu py";4;"luize";"ViaMobilidade"
30.5;"%";"2023-12-04 10:48:18";"CPU";"uso de cpu py";4;"luize";"ViaMobilidade"
32.5;"%";"2023-12-04 10:47:46";"CPU";"uso de cpu py";4;"luize";"ViaMobilidade"
27.4;"%";"2023-12-04 10:47:13";"CPU";"uso de cpu py";4;"luize";"ViaMobilidade"
32.4;"%";"2023-12-04 10:46:40";"CPU";"uso de cpu py";4;"luize";"ViaMobilidade"
30.1;"%";"2023-12-04 10:46:06";"CPU";"uso de cpu py";4;"luize";"ViaMobilidade"
27.9;"%";"2023-12-04 10:45:33";"CPU";"uso de cpu py";4;"luize";"ViaMobilidade"
29.8;"%";"2023-12-04 10:45:00";"CPU";"uso de cpu py";4;"luize";"ViaMobilidade"
27.6;"%";"2023-12-04 10:44:27";"CPU";"uso de cpu py";4;"luize";"ViaMobilidade"
30.6;"%";"2023-12-04 10:43:54";"CPU";"uso de cpu py";4;"luize";"ViaMobilidade"
28.8;"%";"2023-12-04 10:43:22";"CPU";"uso de cpu py";4;"luize";"ViaMobilidade"
31.0;"%";"2023-12-04 10:42:49";"CPU";"uso de cpu py";4;"luize";"ViaMobilidade"
28.2;"%";"2023-12-04 10:42:16";"CPU";"uso de cpu py";4;"luize";"ViaMobilidade"
31.8;"%";"2023-12-04 10:41:43";"CPU";"uso de cpu py";4;"luize";"ViaMobilidade"
24.5;"%";"2023-12-04 10:41:10";"CPU";"uso de cpu py";4;"luize";"ViaMobilidade"
28.4;"%";"2023-12-04 10:40:37";"CPU";"uso de cpu py";4;"luize";"ViaMobilidade"
59.7;"%";"2023-12-04 10:40:04";"CPU";"uso de cpu py";4;"luize";"ViaMobilidade"
30.3;"%";"2023-12-04 10:39:31";"CPU";"uso de cpu py";4;"luize";"ViaMobilidade"
46.3;"%";"2023-12-04 10:38:58";"CPU";"uso de cpu py";4;"luize";"ViaMobilidade"
90.1;"%";"2023-12-04 10:38:25";"CPU";"uso de cpu py";4;"luize";"ViaMobilidade"
27.2;"%";"2023-12-04 10:37:52";"CPU";"uso de cpu py";4;"luize";"ViaMobilidade"
22.9;"%";"2023-12-04 10:37:19";"CPU";"uso de cpu py";4;"luize";"ViaMobilidade"
44.1;"%";"2023-12-04 10:36:46";"CPU";"uso de cpu py";4;"luize";"ViaMobilidade"
29.2;"%";"2023-12-04 10:36:14";"CPU";"uso de cpu py";4;"luize";"ViaMobilidade"
30.6;"%";"2023-12-04 10:35:41";"CPU";"uso de cpu py";4;"luize";"ViaMobilidade"
42.7;"%";"2023-12-04 10:35:08";"CPU";"uso de cpu py";4;"luize";"ViaMobilidade"
30.1;"%";"2023-12-04 10:34:35";"CPU";"uso de cpu py";4;"luize";"ViaMobilidade"
28.3;"%";"2023-12-04 10:34:02";"CPU";"uso de cpu py";4;"luize";"ViaMobilidade"
22.8;"%";"2023-12-04 10:33:29";"CPU";"uso de cpu py";4;"luize";"ViaMobilidade"
25.2;"%";"2023-12-04 10:32:56";"CPU";"uso de cpu py";4;"luize";"ViaMobilidade"
27.1;"%";"2023-12-04 10:32:23";"CPU";"uso de cpu py";4;"luize";"ViaMobilidade"
27.0;"%";"2023-12-04 10:31:51";"CPU";"uso de cpu py";4;"luize";"ViaMobilidade"
34.0;"%";"2023-12-04 10:31:18";"CPU";"uso de cpu py";4;"luize";"ViaMobilidade"
29.1;"%";"2023-12-04 10:30:45";"CPU";"uso de cpu py";4;"luize";"ViaMobilidade"
28.3;"%";"2023-12-04 10:30:12";"CPU";"uso de cpu py";4;"luize";"ViaMobilidade"
29.4;"%";"2023-12-04 10:29:39";"CPU";"uso de cpu py";4;"luize";"ViaMobilidade"
35.9;"%";"2023-12-04 10:29:06";"CPU";"uso de cpu py";4;"luize";"ViaMobilidade"
25.2;"%";"2023-12-04 10:28:33";"CPU";"uso de cpu py";4;"luize";"ViaMobilidade"
25.3;"%";"2023-12-04 10:28:00";"CPU";"uso de cpu py";4;"luize";"ViaMobilidade"
49.8;"%";"2023-12-04 10:27:27";"CPU";"uso de cpu py";4;"luize";"ViaMobilidade"
29.7;"%";"2023-12-04 10:26:54";"CPU";"uso de cpu py";4;"luize";"ViaMobilidade"
34.1;"%";"2023-12-04 10:26:22";"CPU";"uso de cpu py";4;"luize";"ViaMobilidade"
34.9;"%";"2023-12-04 10:25:48";"CPU";"uso de cpu py";4;"luize";"ViaMobilidade"
36.5;"%";"2023-12-04 10:25:15";"CPU";"uso de cpu py";4;"luize";"ViaMobilidade"
27.5;"%";"2023-12-04 10:24:42";"CPU";"uso de cpu py";4;"luize";"ViaMobilidade"
21.0;"%";"2023-12-04 10:24:08";"CPU";"uso de cpu py";4;"luize";"ViaMobilidade"
28.0;"%";"2023-12-04 10:23:35";"CPU";"uso de cpu py";4;"luize";"ViaMobilidade"
29.2;"%";"2023-12-04 10:23:00";"CPU";"uso de cpu py";4;"luize";"ViaMobilidade"
30.4;"%";"2023-12-04 10:22:25";"CPU";"uso de cpu py";4;"luize";"ViaMobilidade"
36.8;"%";"2023-12-04 10:21:52";"CPU";"uso de cpu py";4;"luize";"ViaMobilidade"
29.3;"%";"2023-12-04 10:21:17";"CPU";"uso de cpu py";4;"luize";"ViaMobilidade"
28.0;"%";"2023-12-04 10:20:44";"CPU";"uso de cpu py";4;"luize";"ViaMobilidade"
29.6;"%";"2023-12-04 10:20:10";"CPU";"uso de cpu py";4;"luize";"ViaMobilidade"
24.8;"%";"2023-12-04 10:19:37";"CPU";"uso de cpu py";4;"luize";"ViaMobilidade"
27.3;"%";"2023-12-04 10:19:02";"CPU";"uso de cpu py";4;"luize";"ViaMobilidade"
31.5;"%";"2023-12-04 10:18:29";"CPU";"uso de cpu py";4;"luize";"ViaMobilidade"
54.9;"%";"2023-12-04 10:17:56";"CPU";"uso de cpu py";4;"luize";"ViaMobilidade"
34.8;"%";"2023-12-04 10:17:22";"CPU";"uso de cpu py";4;"luize";"ViaMobilidade"
26.7;"%";"2023-12-04 10:16:48";"CPU";"uso de cpu py";4;"luize";"ViaMobilidade"
27.0;"%";"2023-12-04 10:16:15";"CPU";"uso de cpu py";4;"luize";"ViaMobilidade"
100.0;"%";"2023-12-04 10:15:41";"CPU";"uso de cpu py";4;"luize";"ViaMobilidade"
26.6;"%";"2023-12-04 10:15:04";"CPU";"uso de cpu py";4;"luize";"ViaMobilidade"
35.4;"%";"2023-12-04 10:14:30";"CPU";"uso de cpu py";4;"luize";"ViaMobilidade"
23.0;"%";"2023-12-04 10:13:56";"CPU";"uso de cpu py";4;"luize";"ViaMobilidade"
26.3;"%";"2023-12-04 10:13:23";"CPU";"uso de cpu py";4;"luize";"ViaMobilidade"
8.6;"%";"2023-12-04 10:12:49";"CPU";"uso de cpu py";4;"luize";"ViaMobilidade"
77.6;"%";"2023-12-04 10:12:16";"CPU";"uso de cpu py";4;"luize";"ViaMobilidade"
14.3;"%";"2023-12-04 10:11:41";"CPU";"uso de cpu py";4;"luize";"ViaMobilidade"
4.3;"%";"2023-12-04 10:11:07";"CPU";"uso de cpu py";4;"luize";"ViaMobilidade"
15.4;"%";"2023-12-04 10:10:35";"CPU";"uso de cpu py";4;"luize";"ViaMobilidade"
3.9;"%";"2023-12-04 10:10:02";"CPU";"uso de cpu py";4;"luize";"ViaMobilidade"
5.9;"%";"2023-12-02 13:59:25";"CPU";"uso de cpu py";4;"luize";"ViaMobilidade"
3.9;"%";"2023-12-02 13:58:54";"CPU";"uso de cpu py";4;"luize";"ViaMobilidade"
8.5;"%";"2023-12-02 13:58:21";"CPU";"uso de cpu py";4;"luize";"ViaMobilidade"
2.3;"%";"2023-12-02 13:57:48";"CPU";"uso de cpu py";4;"luize";"ViaMobilidade"
1.9;"%";"2023-12-02 13:57:16";"CPU";"uso de cpu py";4;"luize";"ViaMobilidade"
2.3;"%";"2023-12-02 13:56:43";"CPU";"uso de cpu py";4;"luize";"ViaMobilidade"
5.9;"%";"2023-12-02 13:56:11";"CPU";"uso de cpu py";4;"luize";"ViaMobilidade"
2.7;"%";"2023-12-02 13:55:38";"CPU";"uso de cpu py";4;"luize";"ViaMobilidade"
22.2;"%";"2023-12-02 13:55:05";"CPU";"uso de cpu py";4;"luize";"ViaMobilidade"
11.1;"%";"2023-12-02 13:54:32";"CPU";"uso de cpu py";4;"luize";"ViaMobilidade"
6.2;"%";"2023-12-02 13:54:00";"CPU";"uso de cpu py";4;"luize";"ViaMobilidade"
5.4;"%";"2023-12-02 13:53:29";"CPU";"uso de cpu py";4;"luize";"ViaMobilidade"
3.1;"%";"2023-12-02 13:52:57";"CPU";"uso de cpu py";4;"luize";"ViaMobilidade"
27.0;"%";"2023-12-02 13:52:25";"CPU";"uso de cpu py";4;"luize";"ViaMobilidade"
12.9;"%";"2023-12-02 13:51:52";"CPU";"uso de cpu py";4;"luize";"ViaMobilidade"
16.7;"%";"2023-12-02 13:51:19";"CPU";"uso de cpu py";4;"luize";"ViaMobilidade"
13.8;"%";"2023-12-02 13:50:46";"CPU";"uso de cpu py";4;"luize";"ViaMobilidade"
76.2;"%";"2023-12-02 13:50:13";"CPU";"uso de cpu py";4;"luize";"ViaMobilidade"
100.0;"%";"2023-12-02 13:49:39";"CPU";"uso de cpu py";4;"luize";"ViaMobilidade"
100.0;"%";"2023-12-02 13:49:04";"CPU";"uso de cpu py";4;"luize";"ViaMobilidade"
100.0;"%";"2023-12-02 13:48:29";"CPU";"uso de cpu py";4;"luize";"ViaMobilidade"
61.3;"%";"2023-12-02 13:47:54";"CPU";"uso de cpu py";4;"luize";"ViaMobilidade"
100.0;"%";"2023-12-02 13:47:20";"CPU";"uso de cpu py";4;"luize";"ViaMobilidade"
100.0;"%";"2023-12-02 13:46:45";"CPU";"uso de cpu py";4;"luize";"ViaMobilidade"
100.0;"%";"2023-12-02 13:46:11";"CPU";"uso de cpu py";4;"luize";"ViaMobilidade"
99.2;"%";"2023-12-02 13:45:36";"CPU";"uso de cpu py";4;"luize";"ViaMobilidade"
31.3;"%";"2023-12-02 13:45:03";"CPU";"uso de cpu py";4;"luize";"ViaMobilidade"
15.6;"%";"2023-12-02 13:44:30";"CPU";"uso de cpu py";4;"luize";"ViaMobilidade"
3.9;"%";"2023-12-02 13:43:57";"CPU";"uso de cpu py";4;"luize";"ViaMobilidade"
2.7;"%";"2023-12-02 13:43:24";"CPU";"uso de cpu py";4;"luize";"ViaMobilidade"
4.3;"%";"2023-12-02 13:42:52";"CPU";"uso de cpu py";4;"luize";"ViaMobilidade"
2.7;"%";"2023-12-02 13:42:20";"CPU";"uso de cpu py";4;"luize";"ViaMobilidade"
3.9;"%";"2023-12-02 13:41:47";"CPU";"uso de cpu py";4;"luize";"ViaMobilidade"
2.3;"%";"2023-12-02 13:41:15";"CPU";"uso de cpu py";4;"luize";"ViaMobilidade"
4.7;"%";"2023-12-02 13:40:42";"CPU";"uso de cpu py";4;"luize";"ViaMobilidade"
3.5;"%";"2023-12-02 13:40:09";"CPU";"uso de cpu py";4;"luize";"ViaMobilidade"
4.3;"%";"2023-12-02 13:39:36";"CPU";"uso de cpu py";4;"luize";"ViaMobilidade"
3.9;"%";"2023-12-02 13:39:04";"CPU";"uso de cpu py";4;"luize";"ViaMobilidade"
27.9;"%";"2023-12-02 13:38:32";"CPU";"uso de cpu py";4;"luize";"ViaMobilidade"
9.4;"%";"2023-12-02 13:37:58";"CPU";"uso de cpu py";4;"luize";"ViaMobilidade"
25.5;"%";"2023-12-02 13:37:26";"CPU";"uso de cpu py";4;"luize";"ViaMobilidade"
24.2;"%";"2023-12-02 13:36:53";"CPU";"uso de cpu py";4;"luize";"ViaMobilidade"
18.0;"%";"2023-12-02 13:36:20";"CPU";"uso de cpu py";4;"luize";"ViaMobilidade"
38.7;"%";"2023-12-02 13:35:48";"CPU";"uso de cpu py";4;"luize";"ViaMobilidade"
5.5;"%";"2023-12-02 13:35:14";"CPU";"uso de cpu py";4;"luize";"ViaMobilidade"
18.2;"%";"2023-12-02 13:34:42";"CPU";"uso de cpu py";4;"luize";"ViaMobilidade"
17.8;"%";"2023-12-02 13:34:08";"CPU";"uso de cpu py";4;"luize";"ViaMobilidade"
11.5;"%";"2023-12-02 13:33:36";"CPU";"uso de cpu py";4;"luize";"ViaMobilidade"
2.7;"%";"2023-12-02 13:33:03";"CPU";"uso de cpu py";4;"luize";"ViaMobilidade"
54.4;"%";"2023-12-02 00:02:01";"CPU";"uso de cpu py";4;"luize";"ViaMobilidade"
38.8;"%";"2023-12-02 00:01:27";"CPU";"uso de cpu py";4;"luize";"ViaMobilidade"
30.0;"%";"2023-12-02 00:00:53";"CPU";"uso de cpu py";4;"luize";"ViaMobilidade"
39.1;"%";"2023-12-02 00:00:17";"CPU";"uso de cpu py";4;"luize";"ViaMobilidade"
84.8;"%";"2023-12-01 23:59:44";"CPU";"uso de cpu py";4;"luize";"ViaMobilidade"
46.7;"%";"2023-12-01 23:59:10";"CPU";"uso de cpu py";4;"luize";"ViaMobilidade"
19.5;"%";"2023-12-01 23:58:36";"CPU";"uso de cpu py";4;"luize";"ViaMobilidade"
100.0;"%";"2023-12-01 23:58:02";"CPU";"uso de cpu py";4;"luize";"ViaMobilidade"
100.0;"%";"2023-12-01 23:57:26";"CPU";"uso de cpu py";4;"luize";"ViaMobilidade"
100.0;"%";"2023-12-01 23:56:47";"CPU";"uso de cpu py";4;"luize";"ViaMobilidade"
100.0;"%";"2023-12-01 23:56:09";"CPU";"uso de cpu py";4;"luize";"ViaMobilidade"
100.0;"%";"2023-12-01 23:55:27";"CPU";"uso de cpu py";4;"luize";"ViaMobilidade"
39.0;"%";"2023-12-01 23:50:58";"CPU";"uso de cpu py";4;"luize";"ViaMobilidade"
46.5;"%";"2023-12-01 23:50:43";"CPU";"uso de cpu py";4;"luize";"ViaMobilidade"
34.4;"%";"2023-12-01 23:50:32";"CPU";"uso de cpu py";4;"luize";"ViaMobilidade"
49.2;"%";"2023-12-01 23:50:22";"CPU";"uso de cpu py";4;"luize";"ViaMobilidade"
57.1;"%";"2023-12-01 23:50:12";"CPU";"uso de cpu py";4;"luize";"ViaMobilidade"
46.9;"%";"2023-12-01 23:50:02";"CPU";"uso de cpu py";4;"luize";"ViaMobilidade"
24.0;"%";"2023-12-01 23:49:51";"CPU";"uso de cpu py";4;"luize";"ViaMobilidade"
22.9;"%";"2023-12-01 23:49:42";"CPU";"uso de cpu py";4;"luize";"ViaMobilidade"
27.1;"%";"2023-12-01 23:49:32";"CPU";"uso de cpu py";4;"luize";"ViaMobilidade"
18.0;"%";"2023-12-01 23:49:23";"CPU";"uso de cpu py";4;"luize";"ViaMobilidade"
39.6;"%";"2023-12-01 23:49:13";"CPU";"uso de cpu py";4;"luize";"ViaMobilidade"
28.7;"%";"2023-12-01 23:49:04";"CPU";"uso de cpu py";4;"luize";"ViaMobilidade"
21.1;"%";"2023-12-01 23:48:54";"CPU";"uso de cpu py";4;"luize";"ViaMobilidade"
31.1;"%";"2023-12-01 23:48:44";"CPU";"uso de cpu py";4;"luize";"ViaMobilidade"
16.4;"%";"2023-12-01 23:48:35";"CPU";"uso de cpu py";4;"luize";"ViaMobilidade"
41.8;"%";"2023-12-01 23:48:25";"CPU";"uso de cpu py";4;"luize";"ViaMobilidade"
44.7;"%";"2023-12-01 23:48:15";"CPU";"uso de cpu py";4;"luize";"ViaMobilidade"
38.4;"%";"2023-12-01 23:48:05";"CPU";"uso de cpu py";4;"luize";"ViaMobilidade"
46.1;"%";"2023-12-01 23:47:55";"CPU";"uso de cpu py";4;"luize";"ViaMobilidade"
46.5;"%";"2023-12-01 23:47:45";"CPU";"uso de cpu py";4;"luize";"ViaMobilidade"
42.2;"%";"2023-12-01 23:47:35";"CPU";"uso de cpu py";4;"luize";"ViaMobilidade"
50.0;"%";"2023-12-01 23:47:25";"CPU";"uso de cpu py";4;"luize";"ViaMobilidade"
44.4;"%";"2023-12-01 23:47:15";"CPU";"uso de cpu py";4;"luize";"ViaMobilidade"
58.0;"%";"2023-12-01 23:47:06";"CPU";"uso de cpu py";4;"luize";"ViaMobilidade"
43.8;"%";"2023-12-01 23:46:55";"CPU";"uso de cpu py";4;"luize";"ViaMobilidade"
71.3;"%";"2023-12-01 23:46:45";"CPU";"uso de cpu py";4;"luize";"ViaMobilidade"
48.6;"%";"2023-12-01 23:46:35";"CPU";"uso de cpu py";4;"luize";"ViaMobilidade"
49.4;"%";"2023-12-01 23:46:25";"CPU";"uso de cpu py";4;"luize";"ViaMobilidade"
81.3;"%";"2023-12-01 23:46:15";"CPU";"uso de cpu py";4;"luize";"ViaMobilidade"
66.4;"%";"2023-12-01 23:46:05";"CPU";"uso de cpu py";4;"luize";"ViaMobilidade"
43.1;"%";"2023-12-01 23:45:56";"CPU";"uso de cpu py";4;"luize";"ViaMobilidade"
74.5;"%";"2023-12-01 23:45:45";"CPU";"uso de cpu py";4;"luize";"ViaMobilidade"
49.6;"%";"2023-12-01 23:45:36";"CPU";"uso de cpu py";4;"luize";"ViaMobilidade"
54.4;"%";"2023-12-01 23:45:26";"CPU";"uso de cpu py";4;"luize";"ViaMobilidade"
54.1;"%";"2023-12-01 23:45:15";"CPU";"uso de cpu py";4;"luize";"ViaMobilidade"
100.0;"%";"2023-12-01 23:44:35";"CPU";"uso de cpu py";4;"luize";"ViaMobilidade"
100.0;"%";"2023-12-01 23:44:18";"CPU";"uso de cpu py";4;"luize";"ViaMobilidade"
100.0;"%";"2023-12-01 23:44:02";"CPU";"uso de cpu py";4;"luize";"ViaMobilidade"
44.8;"%";"2023-12-01 23:43:47";"CPU";"uso de cpu py";4;"luize";"ViaMobilidade"
38.8;"%";"2023-12-01 23:43:39";"CPU";"uso de cpu py";4;"luize";"ViaMobilidade"
40.9;"%";"2023-12-01 23:43:31";"CPU";"uso de cpu py";4;"luize";"ViaMobilidade"
39.7;"%";"2023-12-01 23:43:23";"CPU";"uso de cpu py";4;"luize";"ViaMobilidade"
42.8;"%";"2023-12-01 23:43:15";"CPU";"uso de cpu py";4;"luize";"ViaMobilidade"
45.0;"%";"2023-12-01 23:43:05";"CPU";"uso de cpu py";4;"luize";"ViaMobilidade"
43.6;"%";"2023-12-01 23:42:56";"CPU";"uso de cpu py";4;"luize";"ViaMobilidade"
100.0;"%";"2023-12-01 23:42:48";"CPU";"uso de cpu py";4;"luize";"ViaMobilidade"
100.0;"%";"2023-12-01 23:42:10";"CPU";"uso de cpu py";4;"luize";"ViaMobilidade"
100.0;"%";"2023-12-01 23:42:00";"CPU";"uso de cpu py";4;"luize";"ViaMobilidade"
43.0;"%";"2023-12-01 23:41:49";"CPU";"uso de cpu py";4;"luize";"ViaMobilidade"
100.0;"%";"2023-12-01 23:41:41";"CPU";"uso de cpu py";4;"luize";"ViaMobilidade"
48.4;"%";"2023-12-01 23:41:32";"CPU";"uso de cpu py";4;"luize";"ViaMobilidade"
100.0;"%";"2023-12-01 23:41:24";"CPU";"uso de cpu py";4;"luize";"ViaMobilidade"
74.5;"%";"2023-12-01 23:41:15";"CPU";"uso de cpu py";4;"luize";"ViaMobilidade"
38.1;"%";"2023-12-01 23:41:07";"CPU";"uso de cpu py";4;"luize";"ViaMobilidade"
59.2;"%";"2023-12-01 23:40:58";"CPU";"uso de cpu py";4;"luize";"ViaMobilidade"
55.7;"%";"2023-12-01 23:40:50";"CPU";"uso de cpu py";4;"luize";"ViaMobilidade"
68.3;"%";"2023-12-01 23:40:42";"CPU";"uso de cpu py";4;"luize";"ViaMobilidade"
73.0;"%";"2023-12-01 23:40:33";"CPU";"uso de cpu py";4;"luize";"ViaMobilidade"
100.0;"%";"2023-12-01 23:40:24";"CPU";"uso de cpu py";4;"luize";"ViaMobilidade"
37.5;"%";"2023-12-01 23:40:15";"CPU";"uso de cpu py";4;"luize";"ViaMobilidade"
100.0;"%";"2023-12-01 23:40:07";"CPU";"uso de cpu py";4;"luize";"ViaMobilidade"
100.0;"%";"2023-12-01 23:39:58";"CPU";"uso de cpu py";4;"luize";"ViaMobilidade"
99.6;"%";"2023-12-01 23:39:49";"CPU";"uso de cpu py";4;"luize";"ViaMobilidade"
90.6;"%";"2023-12-01 23:39:42";"CPU";"uso de cpu py";4;"luize";"ViaMobilidade"
100.0;"%";"2023-12-01 23:39:33";"CPU";"uso de cpu py";4;"luize";"ViaMobilidade"
93.4;"%";"2023-12-01 23:39:24";"CPU";"uso de cpu py";4;"luize";"ViaMobilidade"
74.3;"%";"2023-12-01 23:39:15";"CPU";"uso de cpu py";4;"luize";"ViaMobilidade"
46.3;"%";"2023-12-01 23:39:06";"CPU";"uso de cpu py";4;"luize";"ViaMobilidade"
100.0;"%";"2023-12-01 23:38:58";"CPU";"uso de cpu py";4;"luize";"ViaMobilidade"
100.0;"%";"2023-12-01 23:38:49";"CPU";"uso de cpu py";4;"luize";"ViaMobilidade"
68.7;"%";"2023-12-01 23:38:41";"CPU";"uso de cpu py";4;"luize";"ViaMobilidade"
44.0;"%";"2023-12-01 23:38:32";"CPU";"uso de cpu py";4;"luize";"ViaMobilidade"
68.3;"%";"2023-12-01 23:38:24";"CPU";"uso de cpu py";4;"luize";"ViaMobilidade"
100.0;"%";"2023-12-01 23:38:16";"CPU";"uso de cpu py";4;"luize";"ViaMobilidade"
81.2;"%";"2023-12-01 23:38:05";"CPU";"uso de cpu py";4;"luize";"ViaMobilidade"
51.4;"%";"2023-12-01 23:37:55";"CPU";"uso de cpu py";4;"luize";"ViaMobilidade"
60.4;"%";"2023-12-01 23:37:47";"CPU";"uso de cpu py";4;"luize";"ViaMobilidade"
100.0;"%";"2023-12-01 23:37:39";"CPU";"uso de cpu py";4;"luize";"ViaMobilidade"
97.7;"%";"2023-12-01 23:37:30";"CPU";"uso de cpu py";4;"luize";"ViaMobilidade"
46.5;"%";"2023-12-01 23:37:22";"CPU";"uso de cpu py";4;"luize";"ViaMobilidade"
75.4;"%";"2023-12-01 23:37:14";"CPU";"uso de cpu py";4;"luize";"ViaMobilidade"
92.6;"%";"2023-12-01 23:37:06";"CPU";"uso de cpu py";4;"luize";"ViaMobilidade"
99.6;"%";"2023-12-01 23:36:57";"CPU";"uso de cpu py";4;"luize";"ViaMobilidade"
46.5;"%";"2023-12-01 23:36:48";"CPU";"uso de cpu py";4;"luize";"ViaMobilidade"
44.6;"%";"2023-12-01 23:36:40";"CPU";"uso de cpu py";4;"luize";"ViaMobilidade"
95.4;"%";"2023-12-01 23:36:32";"CPU";"uso de cpu py";4;"luize";"ViaMobilidade"
100.0;"%";"2023-12-01 23:36:22";"CPU";"uso de cpu py";4;"luize";"ViaMobilidade"
57.8;"%";"2023-12-01 23:36:13";"CPU";"uso de cpu py";4;"luize";"ViaMobilidade"
51.9;"%";"2023-12-01 23:36:05";"CPU";"uso de cpu py";4;"luize";"ViaMobilidade"
60.5;"%";"2023-12-01 23:35:57";"CPU";"uso de cpu py";4;"luize";"ViaMobilidade"
100.0;"%";"2023-12-01 23:35:48";"CPU";"uso de cpu py";4;"luize";"ViaMobilidade"
47.3;"%";"2023-12-01 23:35:37";"CPU";"uso de cpu py";4;"luize";"ViaMobilidade"
53.7;"%";"2023-12-01 23:35:27";"CPU";"uso de cpu py";4;"luize";"ViaMobilidade"
72.3;"%";"2023-12-01 23:35:19";"CPU";"uso de cpu py";4;"luize";"ViaMobilidade"
92.3;"%";"2023-12-01 23:35:09";"CPU";"uso de cpu py";4;"luize";"ViaMobilidade"
47.5;"%";"2023-12-01 23:34:58";"CPU";"uso de cpu py";4;"luize";"ViaMobilidade"
46.3;"%";"2023-12-01 23:34:50";"CPU";"uso de cpu py";4;"luize";"ViaMobilidade"
42.8;"%";"2023-12-01 23:34:42";"CPU";"uso de cpu py";4;"luize";"ViaMobilidade"
95.5;"%";"2023-12-01 23:34:34";"CPU";"uso de cpu py";4;"luize";"ViaMobilidade"
70.3;"%";"2023-12-01 23:34:23";"CPU";"uso de cpu py";4;"luize";"ViaMobilidade"
35.0;"%";"2023-12-01 23:34:14";"CPU";"uso de cpu py";4;"luize";"ViaMobilidade"
36.3;"%";"2023-12-01 23:34:06";"CPU";"uso de cpu py";4;"luize";"ViaMobilidade"
86.2;"%";"2023-12-01 23:33:57";"CPU";"uso de cpu py";4;"luize";"ViaMobilidade"
37.6;"%";"2023-12-01 23:33:49";"CPU";"uso de cpu py";4;"luize";"ViaMobilidade"
59.8;"%";"2023-12-01 23:33:41";"CPU";"uso de cpu py";4;"luize";"ViaMobilidade"
57.2;"%";"2023-12-01 23:33:33";"CPU";"uso de cpu py";4;"luize";"ViaMobilidade"
90.9;"%";"2023-12-01 23:33:25";"CPU";"uso de cpu py";4;"luize";"ViaMobilidade"
37.7;"%";"2023-12-01 23:33:17";"CPU";"uso de cpu py";4;"luize";"ViaMobilidade"
53.3;"%";"2023-12-01 23:33:07";"CPU";"uso de cpu py";4;"luize";"ViaMobilidade"
69.5;"%";"2023-12-01 23:32:57";"CPU";"uso de cpu py";4;"luize";"ViaMobilidade"
100.0;"%";"2023-12-01 23:32:47";"CPU";"uso de cpu py";4;"luize";"ViaMobilidade"
35.5;"%";"2023-12-01 23:32:39";"CPU";"uso de cpu py";4;"luize";"ViaMobilidade"
61.5;"%";"2023-12-01 23:32:31";"CPU";"uso de cpu py";4;"luize";"ViaMobilidade"
46.5;"%";"2023-12-01 23:32:23";"CPU";"uso de cpu py";4;"luize";"ViaMobilidade"
63.8;"%";"2023-12-01 23:32:14";"CPU";"uso de cpu py";4;"luize";"ViaMobilidade"
50.6;"%";"2023-12-01 23:32:06";"CPU";"uso de cpu py";4;"luize";"ViaMobilidade"
83.3;"%";"2023-12-01 23:31:57";"CPU";"uso de cpu py";4;"luize";"ViaMobilidade"
68.4;"%";"2023-12-01 23:31:49";"CPU";"uso de cpu py";4;"luize";"ViaMobilidade"
71.6;"%";"2023-12-01 23:31:41";"CPU";"uso de cpu py";4;"luize";"ViaMobilidade"
59.3;"%";"2023-12-01 23:31:33";"CPU";"uso de cpu py";4;"luize";"ViaMobilidade"
47.3;"%";"2023-12-01 23:31:25";"CPU";"uso de cpu py";4;"luize";"ViaMobilidade"
100.0;"%";"2023-12-01 23:31:17";"CPU";"uso de cpu py";4;"luize";"ViaMobilidade"
58.3;"%";"2023-12-01 23:31:08";"CPU";"uso de cpu py";4;"luize";"ViaMobilidade"
100.0;"%";"2023-12-01 23:30:59";"CPU";"uso de cpu py";4;"luize";"ViaMobilidade"
61.0;"%";"2023-12-01 23:30:51";"CPU";"uso de cpu py";4;"luize";"ViaMobilidade"
95.6;"%";"2023-12-01 23:30:43";"CPU";"uso de cpu py";4;"luize";"ViaMobilidade"
51.9;"%";"2023-12-01 23:30:34";"CPU";"uso de cpu py";4;"luize";"ViaMobilidade"
60.9;"%";"2023-12-01 23:30:26";"CPU";"uso de cpu py";4;"luize";"ViaMobilidade"
56.8;"%";"2023-12-01 23:30:18";"CPU";"uso de cpu py";4;"luize";"ViaMobilidade"
100.0;"%";"2023-12-01 23:30:10";"CPU";"uso de cpu py";4;"luize";"ViaMobilidade"
100.0;"%";"2023-12-01 23:30:02";"CPU";"uso de cpu py";4;"luize";"ViaMobilidade"
43.4;"%";"2023-12-01 23:29:53";"CPU";"uso de cpu py";4;"luize";"ViaMobilidade"
80.2;"%";"2023-12-01 23:29:45";"CPU";"uso de cpu py";4;"luize";"ViaMobilidade"
68.0;"%";"2023-12-01 23:29:37";"CPU";"uso de cpu py";4;"luize";"ViaMobilidade"
100.0;"%";"2023-12-01 23:29:29";"CPU";"uso de cpu py";4;"luize";"ViaMobilidade"
100.0;"%";"2023-12-01 23:29:20";"CPU";"uso de cpu py";4;"luize";"ViaMobilidade"
58.3;"%";"2023-12-01 23:29:12";"CPU";"uso de cpu py";4;"luize";"ViaMobilidade"
56.0;"%";"2023-12-01 23:29:04";"CPU";"uso de cpu py";4;"luize";"ViaMobilidade"
62.7;"%";"2023-12-01 23:28:56";"CPU";"uso de cpu py";4;"luize";"ViaMobilidade"
77.9;"%";"2023-12-01 23:28:47";"CPU";"uso de cpu py";4;"luize";"ViaMobilidade"
39.3;"%";"2023-12-01 23:28:39";"CPU";"uso de cpu py";4;"luize";"ViaMobilidade"
46.9;"%";"2023-12-01 23:28:30";"CPU";"uso de cpu py";4;"luize";"ViaMobilidade"
39.7;"%";"2023-12-01 23:28:22";"CPU";"uso de cpu py";4;"luize";"ViaMobilidade"
64.2;"%";"2023-12-01 23:28:14";"CPU";"uso de cpu py";4;"luize";"ViaMobilidade"
54.1;"%";"2023-12-01 23:28:06";"CPU";"uso de cpu py";4;"luize";"ViaMobilidade"
47.3;"%";"2023-12-01 23:27:58";"CPU";"uso de cpu py";4;"luize";"ViaMobilidade"
56.0;"%";"2023-12-01 23:27:50";"CPU";"uso de cpu py";4;"luize";"ViaMobilidade"
100.0;"%";"2023-12-01 23:27:42";"CPU";"uso de cpu py";4;"luize";"ViaMobilidade"
100.0;"%";"2023-12-01 23:27:33";"CPU";"uso de cpu py";4;"luize";"ViaMobilidade"
87.2;"%";"2023-12-01 23:27:23";"CPU";"uso de cpu py";4;"luize";"ViaMobilidade"
42.8;"%";"2023-12-01 23:20:41";"CPU";"uso de cpu py";3;"gabriel";"ViaMobilidade"
72.1;"%";"2023-12-01 23:20:34";"CPU";"uso de cpu py";3;"gabriel";"ViaMobilidade"
63.3;"%";"2023-12-01 23:20:26";"CPU";"uso de cpu py";3;"gabriel";"ViaMobilidade"
75.9;"%";"2023-12-01 23:20:19";"CPU";"uso de cpu py";3;"gabriel";"ViaMobilidade"
50.8;"%";"2023-12-01 23:20:12";"CPU";"uso de cpu py";3;"gabriel";"ViaMobilidade"
46.9;"%";"2023-12-01 23:20:04";"CPU";"uso de cpu py";3;"gabriel";"ViaMobilidade"
68.7;"%";"2023-12-01 23:19:57";"CPU";"uso de cpu py";3;"gabriel";"ViaMobilidade"
66.9;"%";"2023-12-01 23:19:49";"CPU";"uso de cpu py";3;"gabriel";"ViaMobilidade"
56.6;"%";"2023-12-01 23:19:42";"CPU";"uso de cpu py";3;"gabriel";"ViaMobilidade"
57.3;"%";"2023-12-01 23:19:34";"CPU";"uso de cpu py";3;"gabriel";"ViaMobilidade"
43.8;"%";"2023-12-01 23:19:27";"CPU";"uso de cpu py";3;"gabriel";"ViaMobilidade"
50.6;"%";"2023-12-01 23:19:19";"CPU";"uso de cpu py";3;"gabriel";"ViaMobilidade"
76.6;"%";"2023-12-01 23:19:12";"CPU";"uso de cpu py";3;"gabriel";"ViaMobilidade"
65.3;"%";"2023-12-01 23:19:04";"CPU";"uso de cpu py";3;"gabriel";"ViaMobilidade"
73.8;"%";"2023-12-01 23:18:56";"CPU";"uso de cpu py";3;"gabriel";"ViaMobilidade"
51.4;"%";"2023-12-01 23:18:49";"CPU";"uso de cpu py";3;"gabriel";"ViaMobilidade"
45.1;"%";"2023-12-01 23:18:41";"CPU";"uso de cpu py";3;"gabriel";"ViaMobilidade"
77.0;"%";"2023-12-01 23:18:33";"CPU";"uso de cpu py";3;"gabriel";"ViaMobilidade"
40.3;"%";"2023-12-01 23:18:26";"CPU";"uso de cpu py";3;"gabriel";"ViaMobilidade"
65.3;"%";"2023-12-01 23:18:18";"CPU";"uso de cpu py";3;"gabriel";"ViaMobilidade"
43.2;"%";"2023-12-01 23:18:10";"CPU";"uso de cpu py";3;"gabriel";"ViaMobilidade"
45.0;"%";"2023-12-01 23:18:02";"CPU";"uso de cpu py";3;"gabriel";"ViaMobilidade"
38.7;"%";"2023-12-01 23:17:54";"CPU";"uso de cpu py";3;"gabriel";"ViaMobilidade"
56.6;"%";"2023-12-01 23:17:46";"CPU";"uso de cpu py";3;"gabriel";"ViaMobilidade"
74.1;"%";"2023-12-01 23:17:38";"CPU";"uso de cpu py";3;"gabriel";"ViaMobilidade"
35.9;"%";"2023-12-01 23:17:30";"CPU";"uso de cpu py";3;"gabriel";"ViaMobilidade"
26.5;"%";"2023-12-01 23:17:23";"CPU";"uso de cpu py";3;"gabriel";"ViaMobilidade"
44.4;"%";"2023-12-01 23:17:16";"CPU";"uso de cpu py";3;"gabriel";"ViaMobilidade"
48.1;"%";"2023-12-01 23:17:08";"CPU";"uso de cpu py";3;"gabriel";"ViaMobilidade"
40.4;"%";"2023-12-01 23:17:01";"CPU";"uso de cpu py";3;"gabriel";"ViaMobilidade"
31.4;"%";"2023-12-01 23:16:53";"CPU";"uso de cpu py";3;"gabriel";"ViaMobilidade"
31.0;"%";"2023-12-01 23:16:45";"CPU";"uso de cpu py";3;"gabriel";"ViaMobilidade"
38.9;"%";"2023-12-01 23:16:38";"CPU";"uso de cpu py";3;"gabriel";"ViaMobilidade"
38.5;"%";"2023-12-01 23:16:30";"CPU";"uso de cpu py";3;"gabriel";"ViaMobilidade"
51.9;"%";"2023-12-01 23:16:22";"CPU";"uso de cpu py";3;"gabriel";"ViaMobilidade"
29.2;"%";"2023-12-01 23:16:15";"CPU";"uso de cpu py";3;"gabriel";"ViaMobilidade"
36.7;"%";"2023-12-01 23:16:07";"CPU";"uso de cpu py";3;"gabriel";"ViaMobilidade"
58.8;"%";"2023-12-01 23:16:00";"CPU";"uso de cpu py";3;"gabriel";"ViaMobilidade"
66.2;"%";"2023-12-01 23:15:52";"CPU";"uso de cpu py";3;"gabriel";"ViaMobilidade"
52.7;"%";"2023-12-01 23:15:44";"CPU";"uso de cpu py";3;"gabriel";"ViaMobilidade"
54.2;"%";"2023-12-01 23:15:37";"CPU";"uso de cpu py";3;"gabriel";"ViaMobilidade"
70.9;"%";"2023-12-01 23:15:29";"CPU";"uso de cpu py";3;"gabriel";"ViaMobilidade"
52.5;"%";"2023-12-01 23:15:21";"CPU";"uso de cpu py";3;"gabriel";"ViaMobilidade"
48.4;"%";"2023-12-01 23:15:14";"CPU";"uso de cpu py";3;"gabriel";"ViaMobilidade"
62.0;"%";"2023-12-01 23:15:06";"CPU";"uso de cpu py";3;"gabriel";"ViaMobilidade"
32.8;"%";"2023-12-01 23:14:58";"CPU";"uso de cpu py";3;"gabriel";"ViaMobilidade"
45.4;"%";"2023-12-01 23:14:51";"CPU";"uso de cpu py";3;"gabriel";"ViaMobilidade"
41.5;"%";"2023-12-01 23:14:43";"CPU";"uso de cpu py";3;"gabriel";"ViaMobilidade"
57.8;"%";"2023-12-01 23:14:35";"CPU";"uso de cpu py";3;"gabriel";"ViaMobilidade"
40.4;"%";"2023-12-01 23:14:28";"CPU";"uso de cpu py";3;"gabriel";"ViaMobilidade"
36.8;"%";"2023-12-01 23:14:20";"CPU";"uso de cpu py";3;"gabriel";"ViaMobilidade"
38.3;"%";"2023-12-01 23:14:13";"CPU";"uso de cpu py";3;"gabriel";"ViaMobilidade"
49.4;"%";"2023-12-01 23:14:05";"CPU";"uso de cpu py";3;"gabriel";"ViaMobilidade"
72.2;"%";"2023-12-01 23:13:57";"CPU";"uso de cpu py";3;"gabriel";"ViaMobilidade"
61.6;"%";"2023-12-01 23:13:49";"CPU";"uso de cpu py";3;"gabriel";"ViaMobilidade"
34.8;"%";"2023-12-01 23:13:42";"CPU";"uso de cpu py";3;"gabriel";"ViaMobilidade"
65.4;"%";"2023-12-01 23:13:34";"CPU";"uso de cpu py";3;"gabriel";"ViaMobilidade"
75.0;"%";"2023-12-01 23:13:27";"CPU";"uso de cpu py";3;"gabriel";"ViaMobilidade"
41.3;"%";"2023-12-01 23:13:20";"CPU";"uso de cpu py";3;"gabriel";"ViaMobilidade"
39.7;"%";"2023-12-01 23:13:12";"CPU";"uso de cpu py";3;"gabriel";"ViaMobilidade"
48.1;"%";"2023-12-01 23:13:04";"CPU";"uso de cpu py";3;"gabriel";"ViaMobilidade"
52.9;"%";"2023-12-01 23:12:57";"CPU";"uso de cpu py";3;"gabriel";"ViaMobilidade"
41.2;"%";"2023-12-01 23:12:50";"CPU";"uso de cpu py";3;"gabriel";"ViaMobilidade"
19.8;"%";"2023-12-01 23:12:42";"CPU";"uso de cpu py";3;"gabriel";"ViaMobilidade"
36.2;"%";"2023-12-01 23:12:34";"CPU";"uso de cpu py";3;"gabriel";"ViaMobilidade"
69.1;"%";"2023-12-01 23:12:27";"CPU";"uso de cpu py";3;"gabriel";"ViaMobilidade"
33.5;"%";"2023-12-01 23:12:19";"CPU";"uso de cpu py";3;"gabriel";"ViaMobilidade"
26.1;"%";"2023-12-01 23:12:12";"CPU";"uso de cpu py";3;"gabriel";"ViaMobilidade"
41.2;"%";"2023-12-01 23:12:04";"CPU";"uso de cpu py";3;"gabriel";"ViaMobilidade"
35.0;"%";"2023-12-01 23:11:57";"CPU";"uso de cpu py";3;"gabriel";"ViaMobilidade"
62.1;"%";"2023-12-01 23:11:49";"CPU";"uso de cpu py";3;"gabriel";"ViaMobilidade"
19.0;"%";"2023-12-01 23:11:42";"CPU";"uso de cpu py";3;"gabriel";"ViaMobilidade"
22.7;"%";"2023-12-01 23:11:35";"CPU";"uso de cpu py";3;"gabriel";"ViaMobilidade"
68.6;"%";"2023-12-01 23:11:27";"CPU";"uso de cpu py";3;"gabriel";"ViaMobilidade"
38.1;"%";"2023-12-01 23:11:19";"CPU";"uso de cpu py";3;"gabriel";"ViaMobilidade"
54.1;"%";"2023-12-01 23:11:11";"CPU";"uso de cpu py";3;"gabriel";"ViaMobilidade"
65.5;"%";"2023-12-01 23:11:04";"CPU";"uso de cpu py";3;"gabriel";"ViaMobilidade"
49.6;"%";"2023-12-01 23:10:56";"CPU";"uso de cpu py";3;"gabriel";"ViaMobilidade"
25.0;"%";"2023-12-01 23:10:49";"CPU";"uso de cpu py";3;"gabriel";"ViaMobilidade"
44.7;"%";"2023-12-01 23:10:42";"CPU";"uso de cpu py";3;"gabriel";"ViaMobilidade"
20.7;"%";"2023-12-01 23:10:34";"CPU";"uso de cpu py";3;"gabriel";"ViaMobilidade"
21.3;"%";"2023-12-01 23:10:26";"CPU";"uso de cpu py";3;"gabriel";"ViaMobilidade"
44.4;"%";"2023-12-01 23:10:18";"CPU";"uso de cpu py";3;"gabriel";"ViaMobilidade"
91.1;"%";"2023-12-01 23:10:11";"CPU";"uso de cpu py";3;"gabriel";"ViaMobilidade"
86.1;"%";"2023-12-01 23:10:03";"CPU";"uso de cpu py";3;"gabriel";"ViaMobilidade"
32.7;"%";"2023-12-01 23:09:54";"CPU";"uso de cpu py";3;"gabriel";"ViaMobilidade"
40.2;"%";"2023-12-01 23:09:47";"CPU";"uso de cpu py";3;"gabriel";"ViaMobilidade"
62.5;"%";"2023-12-01 23:09:40";"CPU";"uso de cpu py";3;"gabriel";"ViaMobilidade"
25.0;"%";"2023-12-01 23:09:31";"CPU";"uso de cpu py";3;"gabriel";"ViaMobilidade"
30.5;"%";"2023-12-01 23:09:24";"CPU";"uso de cpu py";3;"gabriel";"ViaMobilidade"
37.2;"%";"2023-12-01 23:09:17";"CPU";"uso de cpu py";3;"gabriel";"ViaMobilidade"
23.9;"%";"2023-12-01 23:09:09";"CPU";"uso de cpu py";3;"gabriel";"ViaMobilidade"
27.5;"%";"2023-12-01 23:09:02";"CPU";"uso de cpu py";3;"gabriel";"ViaMobilidade"
36.5;"%";"2023-12-01 23:08:54";"CPU";"uso de cpu py";3;"gabriel";"ViaMobilidade"
16.0;"%";"2023-12-01 23:08:47";"CPU";"uso de cpu py";3;"gabriel";"ViaMobilidade"
32.4;"%";"2023-12-01 23:08:39";"CPU";"uso de cpu py";3;"gabriel";"ViaMobilidade"
48.8;"%";"2023-12-01 23:08:32";"CPU";"uso de cpu py";3;"gabriel";"ViaMobilidade"
22.9;"%";"2023-12-01 23:08:24";"CPU";"uso de cpu py";3;"gabriel";"ViaMobilidade"
83.9;"%";"2023-12-01 23:08:16";"CPU";"uso de cpu py";3;"gabriel";"ViaMobilidade"
60.7;"%";"2023-12-01 23:08:08";"CPU";"uso de cpu py";3;"gabriel";"ViaMobilidade"
63.3;"%";"2023-12-01 23:08:00";"CPU";"uso de cpu py";3;"gabriel";"ViaMobilidade"
62.7;"%";"2023-12-01 23:07:52";"CPU";"uso de cpu py";3;"gabriel";"ViaMobilidade"
55.8;"%";"2023-12-01 23:07:45";"CPU";"uso de cpu py";3;"gabriel";"ViaMobilidade"
26.7;"%";"2023-12-01 23:07:38";"CPU";"uso de cpu py";3;"gabriel";"ViaMobilidade"
28.4;"%";"2023-12-01 23:07:30";"CPU";"uso de cpu py";3;"gabriel";"ViaMobilidade"
60.2;"%";"2023-12-01 23:07:23";"CPU";"uso de cpu py";3;"gabriel";"ViaMobilidade"
43.4;"%";"2023-12-01 23:07:15";"CPU";"uso de cpu py";3;"gabriel";"ViaMobilidade"
44.2;"%";"2023-12-01 23:07:07";"CPU";"uso de cpu py";3;"gabriel";"ViaMobilidade"
24.5;"%";"2023-12-01 23:06:59";"CPU";"uso de cpu py";3;"gabriel";"ViaMobilidade"
28.9;"%";"2023-12-01 23:06:52";"CPU";"uso de cpu py";3;"gabriel";"ViaMobilidade"
36.4;"%";"2023-12-01 23:06:44";"CPU";"uso de cpu py";3;"gabriel";"ViaMobilidade"
58.8;"%";"2023-12-01 23:06:37";"CPU";"uso de cpu py";3;"gabriel";"ViaMobilidade"
45.4;"%";"2023-12-01 23:06:30";"CPU";"uso de cpu py";3;"gabriel";"ViaMobilidade"
44.0;"%";"2023-12-01 23:06:22";"CPU";"uso de cpu py";3;"gabriel";"ViaMobilidade"
34.5;"%";"2023-12-01 23:06:14";"CPU";"uso de cpu py";3;"gabriel";"ViaMobilidade"
47.5;"%";"2023-12-01 23:06:07";"CPU";"uso de cpu py";3;"gabriel";"ViaMobilidade"
28.8;"%";"2023-12-01 23:05:57";"CPU";"uso de cpu py";3;"gabriel";"ViaMobilidade"
41.7;"%";"2023-12-01 23:05:50";"CPU";"uso de cpu py";3;"gabriel";"ViaMobilidade"
31.9;"%";"2023-12-01 23:05:43";"CPU";"uso de cpu py";3;"gabriel";"ViaMobilidade"
68.9;"%";"2023-12-01 23:05:35";"CPU";"uso de cpu py";3;"gabriel";"ViaMobilidade"
51.2;"%";"2023-12-01 23:05:27";"CPU";"uso de cpu py";3;"gabriel";"ViaMobilidade"
80.9;"%";"2023-12-01 23:05:19";"CPU";"uso de cpu py";3;"gabriel";"ViaMobilidade"
93.1;"%";"2023-12-01 23:05:11";"CPU";"uso de cpu py";3;"gabriel";"ViaMobilidade"
100.0;"%";"2023-12-01 23:04:52";"CPU";"uso de cpu py";3;"gabriel";"ViaMobilidade"
96.5;"%";"2023-12-01 23:04:41";"CPU";"uso de cpu py";3;"gabriel";"ViaMobilidade"
48.1;"%";"2023-12-01 23:04:33";"CPU";"uso de cpu py";3;"gabriel";"ViaMobilidade"
23.6;"%";"2023-12-01 23:04:24";"CPU";"uso de cpu py";3;"gabriel";"ViaMobilidade"
44.4;"%";"2023-12-01 23:04:17";"CPU";"uso de cpu py";3;"gabriel";"ViaMobilidade"
78.5;"%";"2023-12-01 23:04:09";"CPU";"uso de cpu py";3;"gabriel";"ViaMobilidade"
72.1;"%";"2023-12-01 23:04:00";"CPU";"uso de cpu py";3;"gabriel";"ViaMobilidade"
49.4;"%";"2023-12-01 23:03:52";"CPU";"uso de cpu py";3;"gabriel";"ViaMobilidade"
43.2;"%";"2023-12-01 23:03:44";"CPU";"uso de cpu py";3;"gabriel";"ViaMobilidade"
100.0;"%";"2023-12-01 23:03:37";"CPU";"uso de cpu py";3;"gabriel";"ViaMobilidade"
87.6;"%";"2023-12-01 23:03:28";"CPU";"uso de cpu py";3;"gabriel";"ViaMobilidade"
67.3;"%";"2023-12-01 23:03:20";"CPU";"uso de cpu py";3;"gabriel";"ViaMobilidade"
57.0;"%";"2023-12-01 23:03:12";"CPU";"uso de cpu py";3;"gabriel";"ViaMobilidade"
100.0;"%";"2023-12-01 23:03:04";"CPU";"uso de cpu py";3;"gabriel";"ViaMobilidade"
83.7;"%";"2023-12-01 23:02:56";"CPU";"uso de cpu py";3;"gabriel";"ViaMobilidade"
64.7;"%";"2023-12-01 23:02:46";"CPU";"uso de cpu py";3;"gabriel";"ViaMobilidade"
76.6;"%";"2023-12-01 23:02:38";"CPU";"uso de cpu py";3;"gabriel";"ViaMobilidade"
63.2;"%";"2023-12-01 23:02:30";"CPU";"uso de cpu py";3;"gabriel";"ViaMobilidade"
61.5;"%";"2023-12-01 23:02:23";"CPU";"uso de cpu py";3;"gabriel";"ViaMobilidade"
72.5;"%";"2023-12-01 23:02:15";"CPU";"uso de cpu py";3;"gabriel";"ViaMobilidade"
67.8;"%";"2023-12-01 23:02:05";"CPU";"uso de cpu py";3;"gabriel";"ViaMobilidade"
59.1;"%";"2023-12-01 23:01:57";"CPU";"uso de cpu py";3;"gabriel";"ViaMobilidade"
56.7;"%";"2023-12-01 23:01:50";"CPU";"uso de cpu py";3;"gabriel";"ViaMobilidade"
53.1;"%";"2023-12-01 23:01:43";"CPU";"uso de cpu py";3;"gabriel";"ViaMobilidade"
67.4;"%";"2023-12-01 23:01:35";"CPU";"uso de cpu py";3;"gabriel";"ViaMobilidade"
70.2;"%";"2023-12-01 23:01:28";"CPU";"uso de cpu py";3;"gabriel";"ViaMobilidade"
81.0;"%";"2023-12-01 23:01:20";"CPU";"uso de cpu py";3;"gabriel";"ViaMobilidade"
46.3;"%";"2023-12-01 23:01:12";"CPU";"uso de cpu py";3;"gabriel";"ViaMobilidade"
78.2;"%";"2023-12-01 23:01:05";"CPU";"uso de cpu py";3;"gabriel";"ViaMobilidade"
97.3;"%";"2023-12-01 23:00:57";"CPU";"uso de cpu py";3;"gabriel";"ViaMobilidade"
95.0;"%";"2023-12-01 23:00:49";"CPU";"uso de cpu py";3;"gabriel";"ViaMobilidade"
81.6;"%";"2023-12-01 23:00:41";"CPU";"uso de cpu py";3;"gabriel";"ViaMobilidade"
56.2;"%";"2023-12-01 23:00:33";"CPU";"uso de cpu py";3;"gabriel";"ViaMobilidade"
63.8;"%";"2023-12-01 23:00:25";"CPU";"uso de cpu py";3;"gabriel";"ViaMobilidade"
71.6;"%";"2023-12-01 23:00:18";"CPU";"uso de cpu py";3;"gabriel";"ViaMobilidade"
72.7;"%";"2023-12-01 23:00:10";"CPU";"uso de cpu py";3;"gabriel";"ViaMobilidade"
97.0;"%";"2023-12-01 23:00:03";"CPU";"uso de cpu py";3;"gabriel";"ViaMobilidade"
59.6;"%";"2023-12-01 22:59:55";"CPU";"uso de cpu py";3;"gabriel";"ViaMobilidade"
57.3;"%";"2023-12-01 22:59:46";"CPU";"uso de cpu py";3;"gabriel";"ViaMobilidade"
68.2;"%";"2023-12-01 22:59:38";"CPU";"uso de cpu py";3;"gabriel";"ViaMobilidade"
57.4;"%";"2023-12-01 22:59:31";"CPU";"uso de cpu py";3;"gabriel";"ViaMobilidade"
81.7;"%";"2023-12-01 22:59:23";"CPU";"uso de cpu py";3;"gabriel";"ViaMobilidade"
60.8;"%";"2023-12-01 22:59:16";"CPU";"uso de cpu py";3;"gabriel";"ViaMobilidade"
47.3;"%";"2023-12-01 22:59:07";"CPU";"uso de cpu py";3;"gabriel";"ViaMobilidade"
58.5;"%";"2023-12-01 22:59:00";"CPU";"uso de cpu py";3;"gabriel";"ViaMobilidade"
76.6;"%";"2023-12-01 22:58:52";"CPU";"uso de cpu py";3;"gabriel";"ViaMobilidade"
68.2;"%";"2023-12-01 22:58:44";"CPU";"uso de cpu py";3;"gabriel";"ViaMobilidade"
64.6;"%";"2023-12-01 22:58:36";"CPU";"uso de cpu py";3;"gabriel";"ViaMobilidade"
67.8;"%";"2023-12-01 22:58:26";"CPU";"uso de cpu py";3;"gabriel";"ViaMobilidade"
56.8;"%";"2023-12-01 22:58:19";"CPU";"uso de cpu py";3;"gabriel";"ViaMobilidade"
54.7;"%";"2023-12-01 22:58:11";"CPU";"uso de cpu py";3;"gabriel";"ViaMobilidade"
56.4;"%";"2023-12-01 22:58:04";"CPU";"uso de cpu py";3;"gabriel";"ViaMobilidade"
63.8;"%";"2023-12-01 22:57:56";"CPU";"uso de cpu py";3;"gabriel";"ViaMobilidade"
71.3;"%";"2023-12-01 22:57:49";"CPU";"uso de cpu py";3;"gabriel";"ViaMobilidade"
100.0;"%";"2023-12-01 22:57:41";"CPU";"uso de cpu py";3;"gabriel";"ViaMobilidade"
54.3;"%";"2023-12-01 22:57:33";"CPU";"uso de cpu py";3;"gabriel";"ViaMobilidade"
50.0;"%";"2023-12-01 22:57:26";"CPU";"uso de cpu py";3;"gabriel";"ViaMobilidade"
55.9;"%";"2023-12-01 22:57:18";"CPU";"uso de cpu py";3;"gabriel";"ViaMobilidade"
53.3;"%";"2023-12-01 22:57:11";"CPU";"uso de cpu py";3;"gabriel";"ViaMobilidade"
65.5;"%";"2023-12-01 22:57:04";"CPU";"uso de cpu py";3;"gabriel";"ViaMobilidade"
51.0;"%";"2023-12-01 22:56:56";"CPU";"uso de cpu py";3;"gabriel";"ViaMobilidade"
58.6;"%";"2023-12-01 22:56:49";"CPU";"uso de cpu py";3;"gabriel";"ViaMobilidade"
68.2;"%";"2023-12-01 22:56:41";"CPU";"uso de cpu py";3;"gabriel";"ViaMobilidade"
94.5;"%";"2023-12-01 22:56:34";"CPU";"uso de cpu py";3;"gabriel";"ViaMobilidade"
57.9;"%";"2023-12-01 22:56:26";"CPU";"uso de cpu py";3;"gabriel";"ViaMobilidade"
66.5;"%";"2023-12-01 22:56:18";"CPU";"uso de cpu py";3;"gabriel";"ViaMobilidade"
73.1;"%";"2023-12-01 22:56:10";"CPU";"uso de cpu py";3;"gabriel";"ViaMobilidade"
63.9;"%";"2023-12-01 22:56:03";"CPU";"uso de cpu py";3;"gabriel";"ViaMobilidade"
50.2;"%";"2023-12-01 22:55:55";"CPU";"uso de cpu py";3;"gabriel";"ViaMobilidade"
57.8;"%";"2023-12-01 22:55:48";"CPU";"uso de cpu py";3;"gabriel";"ViaMobilidade"
53.5;"%";"2023-12-01 22:55:40";"CPU";"uso de cpu py";3;"gabriel";"ViaMobilidade"
49.6;"%";"2023-12-01 22:55:33";"CPU";"uso de cpu py";3;"gabriel";"ViaMobilidade"
91.2;"%";"2023-12-01 22:55:25";"CPU";"uso de cpu py";3;"gabriel";"ViaMobilidade"
80.5;"%";"2023-12-01 22:55:18";"CPU";"uso de cpu py";3;"gabriel";"ViaMobilidade"
82.7;"%";"2023-12-01 22:55:09";"CPU";"uso de cpu py";3;"gabriel";"ViaMobilidade"
71.5;"%";"2023-12-01 22:55:02";"CPU";"uso de cpu py";3;"gabriel";"ViaMobilidade"
84.9;"%";"2023-12-01 22:54:54";"CPU";"uso de cpu py";3;"gabriel";"ViaMobilidade"
47.5;"%";"2023-12-01 22:54:46";"CPU";"uso de cpu py";3;"gabriel";"ViaMobilidade"
59.4;"%";"2023-12-01 22:54:39";"CPU";"uso de cpu py";3;"gabriel";"ViaMobilidade"
95.8;"%";"2023-12-01 22:54:31";"CPU";"uso de cpu py";3;"gabriel";"ViaMobilidade"
53.5;"%";"2023-12-01 22:54:23";"CPU";"uso de cpu py";3;"gabriel";"ViaMobilidade"
77.4;"%";"2023-12-01 22:54:15";"CPU";"uso de cpu py";3;"gabriel";"ViaMobilidade"
93.5;"%";"2023-12-01 22:54:08";"CPU";"uso de cpu py";3;"gabriel";"ViaMobilidade"
90.7;"%";"2023-12-01 22:54:00";"CPU";"uso de cpu py";3;"gabriel";"ViaMobilidade"
67.3;"%";"2023-12-01 22:53:52";"CPU";"uso de cpu py";3;"gabriel";"ViaMobilidade"
85.7;"%";"2023-12-01 22:53:44";"CPU";"uso de cpu py";3;"gabriel";"ViaMobilidade"
57.9;"%";"2023-12-01 22:53:37";"CPU";"uso de cpu py";3;"gabriel";"ViaMobilidade"
53.7;"%";"2023-12-01 22:53:29";"CPU";"uso de cpu py";3;"gabriel";"ViaMobilidade"
48.3;"%";"2023-12-01 22:53:22";"CPU";"uso de cpu py";3;"gabriel";"ViaMobilidade"
83.8;"%";"2023-12-01 22:53:14";"CPU";"uso de cpu py";3;"gabriel";"ViaMobilidade"
67.9;"%";"2023-12-01 22:53:07";"CPU";"uso de cpu py";3;"gabriel";"ViaMobilidade"
53.5;"%";"2023-12-01 22:52:59";"CPU";"uso de cpu py";3;"gabriel";"ViaMobilidade"
84.5;"%";"2023-12-01 22:52:51";"CPU";"uso de cpu py";3;"gabriel";"ViaMobilidade"
80.0;"%";"2023-12-01 22:52:43";"CPU";"uso de cpu py";3;"gabriel";"ViaMobilidade"
66.5;"%";"2023-12-01 22:52:35";"CPU";"uso de cpu py";3;"gabriel";"ViaMobilidade"
71.0;"%";"2023-12-01 22:52:28";"CPU";"uso de cpu py";3;"gabriel";"ViaMobilidade"
77.7;"%";"2023-12-01 22:52:20";"CPU";"uso de cpu py";3;"gabriel";"ViaMobilidade"
62.9;"%";"2023-12-01 22:52:13";"CPU";"uso de cpu py";3;"gabriel";"ViaMobilidade"
43.2;"%";"2023-12-01 22:52:05";"CPU";"uso de cpu py";3;"gabriel";"ViaMobilidade"
69.4;"%";"2023-12-01 22:51:57";"CPU";"uso de cpu py";3;"gabriel";"ViaMobilidade"
56.8;"%";"2023-12-01 22:51:50";"CPU";"uso de cpu py";3;"gabriel";"ViaMobilidade"
51.2;"%";"2023-12-01 22:51:42";"CPU";"uso de cpu py";3;"gabriel";"ViaMobilidade"
75.4;"%";"2023-12-01 22:51:35";"CPU";"uso de cpu py";3;"gabriel";"ViaMobilidade"
59.8;"%";"2023-12-01 22:51:27";"CPU";"uso de cpu py";3;"gabriel";"ViaMobilidade"
57.8;"%";"2023-12-01 22:51:20";"CPU";"uso de cpu py";3;"gabriel";"ViaMobilidade"
58.6;"%";"2023-12-01 22:51:13";"CPU";"uso de cpu py";3;"gabriel";"ViaMobilidade"
65.2;"%";"2023-12-01 22:51:05";"CPU";"uso de cpu py";3;"gabriel";"ViaMobilidade"
43.6;"%";"2023-12-01 22:50:58";"CPU";"uso de cpu py";3;"gabriel";"ViaMobilidade"
87.5;"%";"2023-12-01 22:50:50";"CPU";"uso de cpu py";3;"gabriel";"ViaMobilidade"
64.5;"%";"2023-12-01 22:50:42";"CPU";"uso de cpu py";3;"gabriel";"ViaMobilidade"
78.7;"%";"2023-12-01 22:50:34";"CPU";"uso de cpu py";3;"gabriel";"ViaMobilidade"
100.0;"%";"2023-12-01 22:50:27";"CPU";"uso de cpu py";3;"gabriel";"ViaMobilidade"
62.4;"%";"2023-12-01 22:50:19";"CPU";"uso de cpu py";3;"gabriel";"ViaMobilidade"
44.7;"%";"2023-12-01 22:50:11";"CPU";"uso de cpu py";3;"gabriel";"ViaMobilidade"
89.3;"%";"2023-12-01 22:50:04";"CPU";"uso de cpu py";3;"gabriel";"ViaMobilidade"
95.1;"%";"2023-12-01 22:49:56";"CPU";"uso de cpu py";3;"gabriel";"ViaMobilidade"
38.9;"%";"2023-12-01 22:49:47";"CPU";"uso de cpu py";3;"gabriel";"ViaMobilidade"
45.9;"%";"2023-12-01 22:49:40";"CPU";"uso de cpu py";3;"gabriel";"ViaMobilidade"
98.1;"%";"2023-12-01 22:49:33";"CPU";"uso de cpu py";3;"gabriel";"ViaMobilidade"
72.6;"%";"2023-12-01 22:49:25";"CPU";"uso de cpu py";3;"gabriel";"ViaMobilidade"
51.4;"%";"2023-12-01 22:49:17";"CPU";"uso de cpu py";3;"gabriel";"ViaMobilidade"
59.9;"%";"2023-12-01 22:49:09";"CPU";"uso de cpu py";3;"gabriel";"ViaMobilidade"
98.1;"%";"2023-12-01 22:49:02";"CPU";"uso de cpu py";3;"gabriel";"ViaMobilidade"
48.9;"%";"2023-12-01 22:48:54";"CPU";"uso de cpu py";3;"gabriel";"ViaMobilidade"
47.1;"%";"2023-12-01 22:48:47";"CPU";"uso de cpu py";3;"gabriel";"ViaMobilidade"
63.8;"%";"2023-12-01 22:48:39";"CPU";"uso de cpu py";3;"gabriel";"ViaMobilidade"
58.1;"%";"2023-12-01 22:48:32";"CPU";"uso de cpu py";3;"gabriel";"ViaMobilidade"
84.2;"%";"2023-12-01 22:48:24";"CPU";"uso de cpu py";3;"gabriel";"ViaMobilidade"
62.5;"%";"2023-12-01 22:48:17";"CPU";"uso de cpu py";3;"gabriel";"ViaMobilidade"
58.7;"%";"2023-12-01 22:48:09";"CPU";"uso de cpu py";3;"gabriel";"ViaMobilidade"
48.0;"%";"2023-12-01 22:48:02";"CPU";"uso de cpu py";3;"gabriel";"ViaMobilidade"
93.9;"%";"2023-12-01 22:47:54";"CPU";"uso de cpu py";3;"gabriel";"ViaMobilidade"
63.2;"%";"2023-12-01 22:47:46";"CPU";"uso de cpu py";3;"gabriel";"ViaMobilidade"
62.9;"%";"2023-12-01 22:47:38";"CPU";"uso de cpu py";3;"gabriel";"ViaMobilidade"
54.5;"%";"2023-12-01 22:47:30";"CPU";"uso de cpu py";3;"gabriel";"ViaMobilidade"
64.8;"%";"2023-12-01 22:47:23";"CPU";"uso de cpu py";3;"gabriel";"ViaMobilidade"
64.2;"%";"2023-12-01 22:47:15";"CPU";"uso de cpu py";3;"gabriel";"ViaMobilidade"
94.6;"%";"2023-12-01 22:47:07";"CPU";"uso de cpu py";3;"gabriel";"ViaMobilidade"
57.8;"%";"2023-12-01 22:46:59";"CPU";"uso de cpu py";3;"gabriel";"ViaMobilidade"
52.9;"%";"2023-12-01 22:46:52";"CPU";"uso de cpu py";3;"gabriel";"ViaMobilidade"
70.7;"%";"2023-12-01 22:46:44";"CPU";"uso de cpu py";3;"gabriel";"ViaMobilidade"
70.2;"%";"2023-12-01 22:46:36";"CPU";"uso de cpu py";3;"gabriel";"ViaMobilidade"
75.8;"%";"2023-12-01 22:46:28";"CPU";"uso de cpu py";3;"gabriel";"ViaMobilidade"
46.5;"%";"2023-12-01 22:46:20";"CPU";"uso de cpu py";3;"gabriel";"ViaMobilidade"
65.0;"%";"2023-12-01 22:46:13";"CPU";"uso de cpu py";3;"gabriel";"ViaMobilidade"
93.8;"%";"2023-12-01 22:46:05";"CPU";"uso de cpu py";3;"gabriel";"ViaMobilidade"
70.3;"%";"2023-12-01 22:45:57";"CPU";"uso de cpu py";3;"gabriel";"ViaMobilidade"
99.2;"%";"2023-12-01 22:45:50";"CPU";"uso de cpu py";3;"gabriel";"ViaMobilidade"
54.9;"%";"2023-12-01 22:45:42";"CPU";"uso de cpu py";3;"gabriel";"ViaMobilidade"
86.7;"%";"2023-12-01 22:45:34";"CPU";"uso de cpu py";3;"gabriel";"ViaMobilidade"
72.5;"%";"2023-12-01 22:45:27";"CPU";"uso de cpu py";3;"gabriel";"ViaMobilidade"
58.8;"%";"2023-12-01 22:45:19";"CPU";"uso de cpu py";3;"gabriel";"ViaMobilidade"
57.0;"%";"2023-12-01 22:45:11";"CPU";"uso de cpu py";3;"gabriel";"ViaMobilidade"
71.4;"%";"2023-12-01 22:45:03";"CPU";"uso de cpu py";3;"gabriel";"ViaMobilidade"
66.8;"%";"2023-12-01 22:44:56";"CPU";"uso de cpu py";3;"gabriel";"ViaMobilidade"
68.2;"%";"2023-12-01 22:44:49";"CPU";"uso de cpu py";3;"gabriel";"ViaMobilidade"
71.5;"%";"2023-12-01 22:44:41";"CPU";"uso de cpu py";3;"gabriel";"ViaMobilidade"
72.9;"%";"2023-12-01 22:44:32";"CPU";"uso de cpu py";3;"gabriel";"ViaMobilidade"
52.1;"%";"2023-12-01 22:44:22";"CPU";"uso de cpu py";3;"gabriel";"ViaMobilidade"
52.9;"%";"2023-12-01 22:44:15";"CPU";"uso de cpu py";3;"gabriel";"ViaMobilidade"
85.6;"%";"2023-12-01 22:44:06";"CPU";"uso de cpu py";3;"gabriel";"ViaMobilidade"
66.9;"%";"2023-12-01 22:43:55";"CPU";"uso de cpu py";3;"gabriel";"ViaMobilidade"
77.6;"%";"2023-12-01 22:43:46";"CPU";"uso de cpu py";3;"gabriel";"ViaMobilidade"
70.7;"%";"2023-12-01 22:43:37";"CPU";"uso de cpu py";3;"gabriel";"ViaMobilidade"
64.1;"%";"2023-12-01 22:43:30";"CPU";"uso de cpu py";3;"gabriel";"ViaMobilidade"
64.2;"%";"2023-12-01 22:43:22";"CPU";"uso de cpu py";3;"gabriel";"ViaMobilidade"
61.4;"%";"2023-12-01 22:43:15";"CPU";"uso de cpu py";3;"gabriel";"ViaMobilidade"
69.6;"%";"2023-12-01 22:43:07";"CPU";"uso de cpu py";3;"gabriel";"ViaMobilidade"
66.5;"%";"2023-12-01 22:43:00";"CPU";"uso de cpu py";3;"gabriel";"ViaMobilidade"
55.5;"%";"2023-12-01 22:42:53";"CPU";"uso de cpu py";3;"gabriel";"ViaMobilidade"
59.3;"%";"2023-12-01 22:42:45";"CPU";"uso de cpu py";3;"gabriel";"ViaMobilidade"
55.4;"%";"2023-12-01 22:42:37";"CPU";"uso de cpu py";3;"gabriel";"ViaMobilidade"
73.0;"%";"2023-12-01 22:42:30";"CPU";"uso de cpu py";3;"gabriel";"ViaMobilidade"
55.5;"%";"2023-12-01 22:42:22";"CPU";"uso de cpu py";3;"gabriel";"ViaMobilidade"
69.2;"%";"2023-12-01 22:42:15";"CPU";"uso de cpu py";3;"gabriel";"ViaMobilidade"
66.8;"%";"2023-12-01 22:42:07";"CPU";"uso de cpu py";3;"gabriel";"ViaMobilidade"
100.0;"%";"2023-12-01 22:42:00";"CPU";"uso de cpu py";3;"gabriel";"ViaMobilidade"
56.6;"%";"2023-12-01 22:41:52";"CPU";"uso de cpu py";3;"gabriel";"ViaMobilidade"
65.9;"%";"2023-12-01 22:41:44";"CPU";"uso de cpu py";3;"gabriel";"ViaMobilidade"
63.0;"%";"2023-12-01 22:41:37";"CPU";"uso de cpu py";3;"gabriel";"ViaMobilidade"
82.5;"%";"2023-12-01 22:41:29";"CPU";"uso de cpu py";3;"gabriel";"ViaMobilidade"
58.9;"%";"2023-12-01 22:41:21";"CPU";"uso de cpu py";3;"gabriel";"ViaMobilidade"
56.4;"%";"2023-12-01 22:41:13";"CPU";"uso de cpu py";3;"gabriel";"ViaMobilidade"
63.2;"%";"2023-12-01 22:41:06";"CPU";"uso de cpu py";3;"gabriel";"ViaMobilidade"
37.4;"%";"2023-12-01 22:40:59";"CPU";"uso de cpu py";3;"gabriel";"ViaMobilidade"
30.9;"%";"2023-12-01 22:40:52";"CPU";"uso de cpu py";3;"gabriel";"ViaMobilidade"
29.6;"%";"2023-12-01 22:40:45";"CPU";"uso de cpu py";3;"gabriel";"ViaMobilidade"
78.5;"%";"2023-12-01 22:40:37";"CPU";"uso de cpu py";3;"gabriel";"ViaMobilidade"
35.3;"%";"2023-12-01 22:40:30";"CPU";"uso de cpu py";3;"gabriel";"ViaMobilidade"
37.0;"%";"2023-12-01 22:40:23";"CPU";"uso de cpu py";3;"gabriel";"ViaMobilidade"
43.8;"%";"2023-12-01 22:40:14";"CPU";"uso de cpu py";3;"gabriel";"ViaMobilidade"
87.3;"%";"2023-12-01 22:40:05";"CPU";"uso de cpu py";3;"gabriel";"ViaMobilidade"
65.3;"%";"2023-12-01 22:39:56";"CPU";"uso de cpu py";3;"gabriel";"ViaMobilidade"
50.6;"%";"2023-12-01 22:39:48";"CPU";"uso de cpu py";3;"gabriel";"ViaMobilidade"
54.6;"%";"2023-12-01 22:39:39";"CPU";"uso de cpu py";3;"gabriel";"ViaMobilidade"
26.2;"%";"2023-12-01 22:39:29";"CPU";"uso de cpu py";3;"gabriel";"ViaMobilidade"
23.3;"%";"2023-12-01 22:39:21";"CPU";"uso de cpu py";3;"gabriel";"ViaMobilidade"
74.0;"%";"2023-12-01 22:39:12";"CPU";"uso de cpu py";3;"gabriel";"ViaMobilidade"
20.8;"%";"2023-12-01 22:39:03";"CPU";"uso de cpu py";3;"gabriel";"ViaMobilidade"
100.0;"%";"2023-12-01 22:38:55";"CPU";"uso de cpu py";3;"gabriel";"ViaMobilidade"
28.6;"%";"2023-12-01 22:38:45";"CPU";"uso de cpu py";3;"gabriel";"ViaMobilidade"
25.7;"%";"2023-12-01 22:38:37";"CPU";"uso de cpu py";3;"gabriel";"ViaMobilidade"
25.9;"%";"2023-12-01 22:38:28";"CPU";"uso de cpu py";3;"gabriel";"ViaMobilidade"
35.9;"%";"2023-12-01 22:38:19";"CPU";"uso de cpu py";3;"gabriel";"ViaMobilidade"
100.0;"%";"2023-12-01 22:38:10";"CPU";"uso de cpu py";3;"gabriel";"ViaMobilidade"
70.5;"%";"2023-12-01 22:38:00";"CPU";"uso de cpu py";3;"gabriel";"ViaMobilidade"
62.5;"%";"2023-12-01 22:37:51";"CPU";"uso de cpu py";3;"gabriel";"ViaMobilidade"
27.2;"%";"2023-12-01 22:37:43";"CPU";"uso de cpu py";3;"gabriel";"ViaMobilidade"
36.4;"%";"2023-12-01 22:37:35";"CPU";"uso de cpu py";3;"gabriel";"ViaMobilidade"
29.1;"%";"2023-12-01 22:37:25";"CPU";"uso de cpu py";3;"gabriel";"ViaMobilidade"
23.2;"%";"2023-12-01 22:37:16";"CPU";"uso de cpu py";3;"gabriel";"ViaMobilidade"
20.9;"%";"2023-12-01 22:37:07";"CPU";"uso de cpu py";3;"gabriel";"ViaMobilidade"
30.8;"%";"2023-12-01 22:36:59";"CPU";"uso de cpu py";3;"gabriel";"ViaMobilidade"
29.9;"%";"2023-12-01 22:36:50";"CPU";"uso de cpu py";3;"gabriel";"ViaMobilidade"
35.8;"%";"2023-12-01 22:36:42";"CPU";"uso de cpu py";3;"gabriel";"ViaMobilidade"
30.0;"%";"2023-12-01 22:36:33";"CPU";"uso de cpu py";3;"gabriel";"ViaMobilidade"
36.3;"%";"2023-12-01 22:36:25";"CPU";"uso de cpu py";3;"gabriel";"ViaMobilidade"
35.7;"%";"2023-12-01 22:36:16";"CPU";"uso de cpu py";3;"gabriel";"ViaMobilidade"
27.0;"%";"2023-12-01 22:36:08";"CPU";"uso de cpu py";3;"gabriel";"ViaMobilidade"
41.2;"%";"2023-12-01 22:36:00";"CPU";"uso de cpu py";3;"gabriel";"ViaMobilidade"
46.5;"%";"2023-12-01 22:35:51";"CPU";"uso de cpu py";3;"gabriel";"ViaMobilidade"
17.3;"%";"2023-12-01 22:35:42";"CPU";"uso de cpu py";3;"gabriel";"ViaMobilidade"
29.5;"%";"2023-12-01 22:35:34";"CPU";"uso de cpu py";3;"gabriel";"ViaMobilidade"
17.8;"%";"2023-12-01 22:35:26";"CPU";"uso de cpu py";3;"gabriel";"ViaMobilidade"
21.3;"%";"2023-12-01 22:35:18";"CPU";"uso de cpu py";3;"gabriel";"ViaMobilidade"
20.3;"%";"2023-12-01 22:35:09";"CPU";"uso de cpu py";3;"gabriel";"ViaMobilidade"
14.1;"%";"2023-12-01 22:35:01";"CPU";"uso de cpu py";3;"gabriel";"ViaMobilidade"
23.3;"%";"2023-12-01 22:34:53";"CPU";"uso de cpu py";3;"gabriel";"ViaMobilidade"
21.5;"%";"2023-12-01 22:34:45";"CPU";"uso de cpu py";3;"gabriel";"ViaMobilidade"
22.2;"%";"2023-12-01 22:34:37";"CPU";"uso de cpu py";3;"gabriel";"ViaMobilidade"
29.8;"%";"2023-12-01 22:34:29";"CPU";"uso de cpu py";3;"gabriel";"ViaMobilidade"
29.5;"%";"2023-12-01 22:34:21";"CPU";"uso de cpu py";3;"gabriel";"ViaMobilidade"
41.4;"%";"2023-12-01 22:34:13";"CPU";"uso de cpu py";3;"gabriel";"ViaMobilidade"
10.5;"%";"2023-12-01 22:34:05";"CPU";"uso de cpu py";3;"gabriel";"ViaMobilidade"
33.9;"%";"2023-12-01 22:33:58";"CPU";"uso de cpu py";3;"gabriel";"ViaMobilidade"
35.7;"%";"2023-12-01 22:33:48";"CPU";"uso de cpu py";3;"gabriel";"ViaMobilidade"
14.0;"%";"2023-12-01 22:33:40";"CPU";"uso de cpu py";3;"gabriel";"ViaMobilidade"
17.4;"%";"2023-12-01 22:33:32";"CPU";"uso de cpu py";3;"gabriel";"ViaMobilidade"
34.4;"%";"2023-12-01 22:33:24";"CPU";"uso de cpu py";3;"gabriel";"ViaMobilidade"
17.8;"%";"2023-12-01 22:33:15";"CPU";"uso de cpu py";3;"gabriel";"ViaMobilidade"
45.2;"%";"2023-12-01 22:33:05";"CPU";"uso de cpu py";3;"gabriel";"ViaMobilidade"
30.1;"%";"2023-12-01 22:32:56";"CPU";"uso de cpu py";3;"gabriel";"ViaMobilidade"
33.3;"%";"2023-12-01 22:32:47";"CPU";"uso de cpu py";3;"gabriel";"ViaMobilidade"
25.2;"%";"2023-12-01 22:32:37";"CPU";"uso de cpu py";3;"gabriel";"ViaMobilidade"
30.7;"%";"2023-12-01 22:32:29";"CPU";"uso de cpu py";3;"gabriel";"ViaMobilidade"
49.4;"%";"2023-12-01 22:32:21";"CPU";"uso de cpu py";3;"gabriel";"ViaMobilidade"
25.4;"%";"2023-12-01 22:32:12";"CPU";"uso de cpu py";3;"gabriel";"ViaMobilidade"
55.4;"%";"2023-12-01 22:32:03";"CPU";"uso de cpu py";3;"gabriel";"ViaMobilidade"
22.1;"%";"2023-12-01 22:31:52";"CPU";"uso de cpu py";3;"gabriel";"ViaMobilidade"
61.7;"%";"2023-12-01 22:31:43";"CPU";"uso de cpu py";3;"gabriel";"ViaMobilidade"
20.8;"%";"2023-12-01 22:31:34";"CPU";"uso de cpu py";3;"gabriel";"ViaMobilidade"
37.6;"%";"2023-12-01 22:31:27";"CPU";"uso de cpu py";3;"gabriel";"ViaMobilidade"
21.2;"%";"2023-12-01 22:31:20";"CPU";"uso de cpu py";3;"gabriel";"ViaMobilidade"
29.6;"%";"2023-12-01 22:31:13";"CPU";"uso de cpu py";3;"gabriel";"ViaMobilidade"
14.6;"%";"2023-12-01 22:31:05";"CPU";"uso de cpu py";3;"gabriel";"ViaMobilidade"
35.5;"%";"2023-12-01 22:30:58";"CPU";"uso de cpu py";3;"gabriel";"ViaMobilidade"
17.6;"%";"2023-12-01 22:30:51";"CPU";"uso de cpu py";3;"gabriel";"ViaMobilidade"
19.8;"%";"2023-12-01 22:30:44";"CPU";"uso de cpu py";3;"gabriel";"ViaMobilidade"
14.4;"%";"2023-12-01 22:30:37";"CPU";"uso de cpu py";3;"gabriel";"ViaMobilidade"
22.3;"%";"2023-12-01 22:30:29";"CPU";"uso de cpu py";3;"gabriel";"ViaMobilidade"
22.5;"%";"2023-12-01 22:30:22";"CPU";"uso de cpu py";3;"gabriel";"ViaMobilidade"
13.7;"%";"2023-12-01 22:30:15";"CPU";"uso de cpu py";3;"gabriel";"ViaMobilidade"
17.1;"%";"2023-12-01 22:30:08";"CPU";"uso de cpu py";3;"gabriel";"ViaMobilidade"
13.2;"%";"2023-12-01 22:30:01";"CPU";"uso de cpu py";3;"gabriel";"ViaMobilidade"
17.0;"%";"2023-12-01 22:29:54";"CPU";"uso de cpu py";3;"gabriel";"ViaMobilidade"
26.9;"%";"2023-12-01 22:29:46";"CPU";"uso de cpu py";3;"gabriel";"ViaMobilidade"
28.0;"%";"2023-12-01 22:29:39";"CPU";"uso de cpu py";3;"gabriel";"ViaMobilidade"
18.0;"%";"2023-12-01 22:29:32";"CPU";"uso de cpu py";3;"gabriel";"ViaMobilidade"
22.0;"%";"2023-12-01 22:29:25";"CPU";"uso de cpu py";3;"gabriel";"ViaMobilidade"
20.5;"%";"2023-12-01 22:29:18";"CPU";"uso de cpu py";3;"gabriel";"ViaMobilidade"
11.7;"%";"2023-12-01 22:29:11";"CPU";"uso de cpu py";3;"gabriel";"ViaMobilidade"
21.5;"%";"2023-12-01 22:29:03";"CPU";"uso de cpu py";3;"gabriel";"ViaMobilidade"
18.0;"%";"2023-12-01 22:28:57";"CPU";"uso de cpu py";3;"gabriel";"ViaMobilidade"
15.8;"%";"2023-12-01 22:28:49";"CPU";"uso de cpu py";3;"gabriel";"ViaMobilidade"
12.8;"%";"2023-12-01 22:28:42";"CPU";"uso de cpu py";3;"gabriel";"ViaMobilidade"
19.5;"%";"2023-12-01 22:28:35";"CPU";"uso de cpu py";3;"gabriel";"ViaMobilidade"
19.6;"%";"2023-12-01 22:28:28";"CPU";"uso de cpu py";3;"gabriel";"ViaMobilidade"
19.5;"%";"2023-12-01 22:28:21";"CPU";"uso de cpu py";3;"gabriel";"ViaMobilidade"
16.7;"%";"2023-12-01 22:28:14";"CPU";"uso de cpu py";3;"gabriel";"ViaMobilidade"
16.7;"%";"2023-12-01 22:28:07";"CPU";"uso de cpu py";3;"gabriel";"ViaMobilidade"
32.9;"%";"2023-12-01 22:28:00";"CPU";"uso de cpu py";3;"gabriel";"ViaMobilidade"
30.7;"%";"2023-12-01 22:27:53";"CPU";"uso de cpu py";3;"gabriel";"ViaMobilidade"
14.5;"%";"2023-12-01 22:27:46";"CPU";"uso de cpu py";3;"gabriel";"ViaMobilidade"
22.4;"%";"2023-12-01 22:27:38";"CPU";"uso de cpu py";3;"gabriel";"ViaMobilidade"
39.7;"%";"2023-12-01 22:27:31";"CPU";"uso de cpu py";3;"gabriel";"ViaMobilidade"
14.5;"%";"2023-12-01 22:27:24";"CPU";"uso de cpu py";3;"gabriel";"ViaMobilidade"
21.2;"%";"2023-12-01 22:27:17";"CPU";"uso de cpu py";3;"gabriel";"ViaMobilidade"
17.6;"%";"2023-12-01 22:27:10";"CPU";"uso de cpu py";3;"gabriel";"ViaMobilidade"
24.4;"%";"2023-12-01 22:27:03";"CPU";"uso de cpu py";3;"gabriel";"ViaMobilidade"
18.5;"%";"2023-12-01 22:26:56";"CPU";"uso de cpu py";3;"gabriel";"ViaMobilidade"
5.8;"%";"2023-12-01 22:26:49";"CPU";"uso de cpu py";3;"gabriel";"ViaMobilidade"
47.3;"%";"2023-12-01 22:26:42";"CPU";"uso de cpu py";3;"gabriel";"ViaMobilidade"
18.8;"%";"2023-12-01 22:26:35";"CPU";"uso de cpu py";3;"gabriel";"ViaMobilidade"
23.1;"%";"2023-12-01 22:26:27";"CPU";"uso de cpu py";3;"gabriel";"ViaMobilidade"
23.3;"%";"2023-12-01 22:26:19";"CPU";"uso de cpu py";3;"gabriel";"ViaMobilidade"
17.0;"%";"2023-12-01 22:26:11";"CPU";"uso de cpu py";3;"gabriel";"ViaMobilidade"
13.6;"%";"2023-12-01 22:26:04";"CPU";"uso de cpu py";3;"gabriel";"ViaMobilidade"
44.2;"%";"2023-12-01 22:25:56";"CPU";"uso de cpu py";3;"gabriel";"ViaMobilidade"
12.8;"%";"2023-12-01 22:25:48";"CPU";"uso de cpu py";3;"gabriel";"ViaMobilidade"
10.0;"%";"2023-12-01 22:25:40";"CPU";"uso de cpu py";3;"gabriel";"ViaMobilidade"
41.9;"%";"2023-12-01 22:25:32";"CPU";"uso de cpu py";3;"gabriel";"ViaMobilidade"
26.4;"%";"2023-12-01 22:25:24";"CPU";"uso de cpu py";3;"gabriel";"ViaMobilidade"
13.3;"%";"2023-12-01 22:25:16";"CPU";"uso de cpu py";3;"gabriel";"ViaMobilidade"
45.7;"%";"2023-12-01 22:25:07";"CPU";"uso de cpu py";3;"gabriel";"ViaMobilidade"
10.9;"%";"2023-12-01 22:24:59";"CPU";"uso de cpu py";3;"gabriel";"ViaMobilidade"
29.7;"%";"2023-12-01 22:24:52";"CPU";"uso de cpu py";3;"gabriel";"ViaMobilidade"
16.2;"%";"2023-12-01 22:24:45";"CPU";"uso de cpu py";3;"gabriel";"ViaMobilidade"
26.8;"%";"2023-12-01 22:24:37";"CPU";"uso de cpu py";3;"gabriel";"ViaMobilidade"
27.6;"%";"2023-12-01 22:24:29";"CPU";"uso de cpu py";3;"gabriel";"ViaMobilidade"
20.9;"%";"2023-12-01 22:24:21";"CPU";"uso de cpu py";3;"gabriel";"ViaMobilidade"
14.5;"%";"2023-12-01 22:24:13";"CPU";"uso de cpu py";3;"gabriel";"ViaMobilidade"
20.3;"%";"2023-12-01 22:24:05";"CPU";"uso de cpu py";3;"gabriel";"ViaMobilidade"
30.6;"%";"2023-12-01 22:23:57";"CPU";"uso de cpu py";3;"gabriel";"ViaMobilidade"
7.0;"%";"2023-12-01 22:23:49";"CPU";"uso de cpu py";3;"gabriel";"ViaMobilidade"
29.1;"%";"2023-12-01 22:23:41";"CPU";"uso de cpu py";3;"gabriel";"ViaMobilidade"
15.6;"%";"2023-12-01 22:23:33";"CPU";"uso de cpu py";3;"gabriel";"ViaMobilidade"
20.9;"%";"2023-12-01 22:23:25";"CPU";"uso de cpu py";3;"gabriel";"ViaMobilidade"
18.4;"%";"2023-12-01 22:23:18";"CPU";"uso de cpu py";3;"gabriel";"ViaMobilidade"
34.4;"%";"2023-12-01 22:23:11";"CPU";"uso de cpu py";3;"gabriel";"ViaMobilidade"
15.5;"%";"2023-12-01 22:23:02";"CPU";"uso de cpu py";3;"gabriel";"ViaMobilidade"
12.1;"%";"2023-12-01 22:22:55";"CPU";"uso de cpu py";3;"gabriel";"ViaMobilidade"
28.4;"%";"2023-12-01 22:22:47";"CPU";"uso de cpu py";3;"gabriel";"ViaMobilidade"
34.4;"%";"2023-12-01 22:22:39";"CPU";"uso de cpu py";3;"gabriel";"ViaMobilidade"
10.9;"%";"2023-12-01 22:22:31";"CPU";"uso de cpu py";3;"gabriel";"ViaMobilidade"
26.6;"%";"2023-12-01 22:22:24";"CPU";"uso de cpu py";3;"gabriel";"ViaMobilidade"
21.2;"%";"2023-12-01 22:22:16";"CPU";"uso de cpu py";3;"gabriel";"ViaMobilidade"
20.5;"%";"2023-12-01 22:22:08";"CPU";"uso de cpu py";3;"gabriel";"ViaMobilidade"
19.8;"%";"2023-12-01 22:22:01";"CPU";"uso de cpu py";3;"gabriel";"ViaMobilidade"
17.2;"%";"2023-12-01 22:21:53";"CPU";"uso de cpu py";3;"gabriel";"ViaMobilidade"
13.2;"%";"2023-12-01 22:21:45";"CPU";"uso de cpu py";3;"gabriel";"ViaMobilidade"
17.2;"%";"2023-12-01 22:21:37";"CPU";"uso de cpu py";3;"gabriel";"ViaMobilidade"
14.0;"%";"2023-12-01 22:21:28";"CPU";"uso de cpu py";3;"gabriel";"ViaMobilidade"
19.5;"%";"2023-12-01 22:21:20";"CPU";"uso de cpu py";3;"gabriel";"ViaMobilidade"
21.3;"%";"2023-12-01 22:21:13";"CPU";"uso de cpu py";3;"gabriel";"ViaMobilidade"
18.5;"%";"2023-12-01 22:21:06";"CPU";"uso de cpu py";3;"gabriel";"ViaMobilidade"
35.2;"%";"2023-12-01 22:20:58";"CPU";"uso de cpu py";3;"gabriel";"ViaMobilidade"
24.3;"%";"2023-12-01 22:20:49";"CPU";"uso de cpu py";3;"gabriel";"ViaMobilidade"
17.3;"%";"2023-12-01 22:20:41";"CPU";"uso de cpu py";3;"gabriel";"ViaMobilidade"
23.6;"%";"2023-12-01 22:20:33";"CPU";"uso de cpu py";3;"gabriel";"ViaMobilidade"
25.6;"%";"2023-12-01 22:20:25";"CPU";"uso de cpu py";3;"gabriel";"ViaMobilidade"
19.5;"%";"2023-12-01 22:20:17";"CPU";"uso de cpu py";3;"gabriel";"ViaMobilidade"
26.8;"%";"2023-12-01 22:20:09";"CPU";"uso de cpu py";3;"gabriel";"ViaMobilidade"
45.9;"%";"2023-12-01 22:20:00";"CPU";"uso de cpu py";3;"gabriel";"ViaMobilidade"
43.6;"%";"2023-12-01 22:19:52";"CPU";"uso de cpu py";3;"gabriel";"ViaMobilidade"
14.5;"%";"2023-12-01 22:19:44";"CPU";"uso de cpu py";3;"gabriel";"ViaMobilidade"
47.9;"%";"2023-12-01 22:19:36";"CPU";"uso de cpu py";3;"gabriel";"ViaMobilidade"
30.6;"%";"2023-12-01 22:19:27";"CPU";"uso de cpu py";3;"gabriel";"ViaMobilidade"
11.7;"%";"2023-12-01 22:19:19";"CPU";"uso de cpu py";3;"gabriel";"ViaMobilidade"
19.1;"%";"2023-12-01 22:19:11";"CPU";"uso de cpu py";3;"gabriel";"ViaMobilidade"
64.0;"%";"2023-12-01 22:19:03";"CPU";"uso de cpu py";3;"gabriel";"ViaMobilidade"
32.6;"%";"2023-12-01 22:18:55";"CPU";"uso de cpu py";3;"gabriel";"ViaMobilidade"
14.8;"%";"2023-12-01 22:18:46";"CPU";"uso de cpu py";3;"gabriel";"ViaMobilidade"
33.3;"%";"2023-12-01 22:18:38";"CPU";"uso de cpu py";3;"gabriel";"ViaMobilidade"
39.2;"%";"2023-12-01 22:18:29";"CPU";"uso de cpu py";3;"gabriel";"ViaMobilidade"
37.1;"%";"2023-12-01 22:18:21";"CPU";"uso de cpu py";3;"gabriel";"ViaMobilidade"
40.6;"%";"2023-12-01 22:18:13";"CPU";"uso de cpu py";3;"gabriel";"ViaMobilidade"
24.2;"%";"2023-12-01 22:18:04";"CPU";"uso de cpu py";3;"gabriel";"ViaMobilidade"
33.7;"%";"2023-12-01 22:17:56";"CPU";"uso de cpu py";3;"gabriel";"ViaMobilidade"
17.1;"%";"2023-12-01 22:17:48";"CPU";"uso de cpu py";3;"gabriel";"ViaMobilidade"
51.7;"%";"2023-12-01 22:17:39";"CPU";"uso de cpu py";3;"gabriel";"ViaMobilidade"
13.2;"%";"2023-12-01 22:17:30";"CPU";"uso de cpu py";3;"gabriel";"ViaMobilidade"
17.6;"%";"2023-12-01 22:17:23";"CPU";"uso de cpu py";3;"gabriel";"ViaMobilidade"
37.1;"%";"2023-12-01 22:17:14";"CPU";"uso de cpu py";3;"gabriel";"ViaMobilidade"
71.0;"%";"2023-12-01 22:17:06";"CPU";"uso de cpu py";3;"gabriel";"ViaMobilidade"
26.2;"%";"2023-12-01 22:16:58";"CPU";"uso de cpu py";3;"gabriel";"ViaMobilidade"
13.3;"%";"2023-12-01 22:16:49";"CPU";"uso de cpu py";3;"gabriel";"ViaMobilidade"
27.7;"%";"2023-12-01 22:16:41";"CPU";"uso de cpu py";3;"gabriel";"ViaMobilidade"
14.5;"%";"2023-12-01 22:16:33";"CPU";"uso de cpu py";3;"gabriel";"ViaMobilidade"
25.4;"%";"2023-12-01 22:16:25";"CPU";"uso de cpu py";3;"gabriel";"ViaMobilidade"
24.3;"%";"2023-12-01 22:16:17";"CPU";"uso de cpu py";3;"gabriel";"ViaMobilidade"
26.5;"%";"2023-12-01 22:16:09";"CPU";"uso de cpu py";3;"gabriel";"ViaMobilidade"
50.0;"%";"2023-12-01 22:16:00";"CPU";"uso de cpu py";3;"gabriel";"ViaMobilidade"
47.9;"%";"2023-12-01 22:15:52";"CPU";"uso de cpu py";3;"gabriel";"ViaMobilidade"
28.3;"%";"2023-12-01 22:15:43";"CPU";"uso de cpu py";3;"gabriel";"ViaMobilidade"
8.2;"%";"2023-12-01 22:15:35";"CPU";"uso de cpu py";3;"gabriel";"ViaMobilidade"
20.5;"%";"2023-12-01 22:15:27";"CPU";"uso de cpu py";3;"gabriel";"ViaMobilidade"
95.0;"%";"2023-12-01 22:15:19";"CPU";"uso de cpu py";3;"gabriel";"ViaMobilidade"
7.7;"%";"2023-12-01 22:15:10";"CPU";"uso de cpu py";3;"gabriel";"ViaMobilidade"
85.3;"%";"2023-12-01 22:15:01";"CPU";"uso de cpu py";3;"gabriel";"ViaMobilidade"
36.2;"%";"2023-12-01 22:14:52";"CPU";"uso de cpu py";3;"gabriel";"ViaMobilidade"
58.1;"%";"2023-12-01 22:14:44";"CPU";"uso de cpu py";3;"gabriel";"ViaMobilidade"
18.6;"%";"2023-12-01 22:14:35";"CPU";"uso de cpu py";3;"gabriel";"ViaMobilidade"
100.0;"%";"2023-12-01 22:14:27";"CPU";"uso de cpu py";3;"gabriel";"ViaMobilidade"
11.7;"%";"2023-12-01 22:14:18";"CPU";"uso de cpu py";3;"gabriel";"ViaMobilidade"
45.4;"%";"2023-12-01 22:14:09";"CPU";"uso de cpu py";3;"gabriel";"ViaMobilidade"
21.8;"%";"2023-12-01 22:14:00";"CPU";"uso de cpu py";3;"gabriel";"ViaMobilidade"
14.7;"%";"2023-12-01 22:13:52";"CPU";"uso de cpu py";3;"gabriel";"ViaMobilidade"
34.5;"%";"2023-12-01 22:13:43";"CPU";"uso de cpu py";3;"gabriel";"ViaMobilidade"
63.0;"%";"2023-12-01 22:13:35";"CPU";"uso de cpu py";3;"gabriel";"ViaMobilidade"
7.4;"%";"2023-12-01 22:13:27";"CPU";"uso de cpu py";3;"gabriel";"ViaMobilidade"
14.4;"%";"2023-12-01 22:13:17";"CPU";"uso de cpu py";3;"gabriel";"ViaMobilidade"
18.5;"%";"2023-12-01 22:13:09";"CPU";"uso de cpu py";3;"gabriel";"ViaMobilidade"
17.1;"%";"2023-12-01 22:13:00";"CPU";"uso de cpu py";3;"gabriel";"ViaMobilidade"
26.7;"%";"2023-12-01 22:12:52";"CPU";"uso de cpu py";3;"gabriel";"ViaMobilidade"
30.7;"%";"2023-12-01 22:12:43";"CPU";"uso de cpu py";3;"gabriel";"ViaMobilidade"
32.4;"%";"2023-12-01 22:12:35";"CPU";"uso de cpu py";3;"gabriel";"ViaMobilidade"
34.0;"%";"2023-12-01 22:12:27";"CPU";"uso de cpu py";3;"gabriel";"ViaMobilidade"
10.6;"%";"2023-12-01 22:12:19";"CPU";"uso de cpu py";3;"gabriel";"ViaMobilidade"
16.9;"%";"2023-12-01 22:12:11";"CPU";"uso de cpu py";3;"gabriel";"ViaMobilidade"
16.1;"%";"2023-12-01 22:12:04";"CPU";"uso de cpu py";3;"gabriel";"ViaMobilidade"
27.7;"%";"2023-12-01 22:11:56";"CPU";"uso de cpu py";3;"gabriel";"ViaMobilidade"
26.5;"%";"2023-12-01 22:11:47";"CPU";"uso de cpu py";3;"gabriel";"ViaMobilidade"
19.8;"%";"2023-12-01 22:11:39";"CPU";"uso de cpu py";3;"gabriel";"ViaMobilidade"
33.1;"%";"2023-12-01 22:09:10";"CPU";"uso de cpu py";2;"jorge";"ViaMobilidade"
35.9;"%";"2023-12-01 22:09:02";"CPU";"uso de cpu py";2;"jorge";"ViaMobilidade"
23.7;"%";"2023-12-01 22:08:52";"CPU";"uso de cpu py";2;"jorge";"ViaMobilidade"
19.5;"%";"2023-12-01 22:08:43";"CPU";"uso de cpu py";2;"jorge";"ViaMobilidade"
38.6;"%";"2023-12-01 22:08:34";"CPU";"uso de cpu py";2;"jorge";"ViaMobilidade"
32.7;"%";"2023-12-01 22:08:25";"CPU";"uso de cpu py";2;"jorge";"ViaMobilidade"
24.5;"%";"2023-12-01 22:08:16";"CPU";"uso de cpu py";2;"jorge";"ViaMobilidade"
27.5;"%";"2023-12-01 22:08:07";"CPU";"uso de cpu py";2;"jorge";"ViaMobilidade"
33.1;"%";"2023-12-01 22:07:59";"CPU";"uso de cpu py";2;"jorge";"ViaMobilidade"
19.0;"%";"2023-12-01 22:07:50";"CPU";"uso de cpu py";2;"jorge";"ViaMobilidade"
38.7;"%";"2023-12-01 22:07:41";"CPU";"uso de cpu py";2;"jorge";"ViaMobilidade"
10.9;"%";"2023-12-01 22:07:33";"CPU";"uso de cpu py";2;"jorge";"ViaMobilidade"
21.4;"%";"2023-12-01 22:07:24";"CPU";"uso de cpu py";2;"jorge";"ViaMobilidade"
61.7;"%";"2023-12-01 22:07:16";"CPU";"uso de cpu py";2;"jorge";"ViaMobilidade"
19.5;"%";"2023-12-01 22:07:08";"CPU";"uso de cpu py";2;"jorge";"ViaMobilidade"
18.7;"%";"2023-12-01 22:07:00";"CPU";"uso de cpu py";2;"jorge";"ViaMobilidade"
13.1;"%";"2023-12-01 22:06:51";"CPU";"uso de cpu py";2;"jorge";"ViaMobilidade"
8.9;"%";"2023-12-01 22:06:43";"CPU";"uso de cpu py";2;"jorge";"ViaMobilidade"
5.9;"%";"2023-12-01 22:06:35";"CPU";"uso de cpu py";2;"jorge";"ViaMobilidade"
22.3;"%";"2023-12-01 22:06:27";"CPU";"uso de cpu py";2;"jorge";"ViaMobilidade"
61.2;"%";"2023-12-01 22:06:18";"CPU";"uso de cpu py";2;"jorge";"ViaMobilidade"
66.1;"%";"2023-12-01 22:06:10";"CPU";"uso de cpu py";2;"jorge";"ViaMobilidade"
20.5;"%";"2023-12-01 22:05:59";"CPU";"uso de cpu py";2;"jorge";"ViaMobilidade"
44.7;"%";"2023-12-01 22:05:51";"CPU";"uso de cpu py";2;"jorge";"ViaMobilidade"
16.7;"%";"2023-12-01 22:05:43";"CPU";"uso de cpu py";2;"jorge";"ViaMobilidade"
14.8;"%";"2023-12-01 22:05:35";"CPU";"uso de cpu py";2;"jorge";"ViaMobilidade"
16.1;"%";"2023-12-01 22:05:27";"CPU";"uso de cpu py";2;"jorge";"ViaMobilidade"
10.5;"%";"2023-12-01 22:05:19";"CPU";"uso de cpu py";2;"jorge";"ViaMobilidade"
9.7;"%";"2023-12-01 22:04:52";"CPU";"uso de cpu py";2;"jorge";"ViaMobilidade"
16.7;"%";"2023-12-01 22:02:37";"CPU";"uso de cpu py";1;"lucas";"ViaMobilidade"
23.4;"%";"2023-12-01 22:01:54";"CPU";"uso de cpu py";1;"lucas";"ViaMobilidade"
24.9;"%";"2023-12-01 22:01:11";"CPU";"uso de cpu py";1;"lucas";"ViaMobilidade"
19.8;"%";"2023-12-01 22:00:26";"CPU";"uso de cpu py";1;"lucas";"ViaMobilidade"
20.6;"%";"2023-12-01 21:59:42";"CPU";"uso de cpu py";1;"lucas";"ViaMobilidade"
30.4;"%";"2023-12-01 21:58:59";"CPU";"uso de cpu py";1;"lucas";"ViaMobilidade"
38.1;"%";"2023-12-01 21:58:16";"CPU";"uso de cpu py";1;"lucas";"ViaMobilidade"
36.7;"%";"2023-12-01 21:57:32";"CPU";"uso de cpu py";1;"lucas";"ViaMobilidade"
22.2;"%";"2023-12-01 21:56:49";"CPU";"uso de cpu py";1;"lucas";"ViaMobilidade"
32.3;"%";"2023-12-01 14:14:07";"CPU";"uso de cpu py";1;"lucas";"ViaMobilidade"
29.7;"%";"2023-12-01 14:13:23";"CPU";"uso de cpu py";1;"lucas";"ViaMobilidade"
18.3;"%";"2023-12-01 14:12:37";"CPU";"uso de cpu py";1;"lucas";"ViaMobilidade"
35.0;"%";"2023-12-01 14:11:53";"CPU";"uso de cpu py";1;"lucas";"ViaMobilidade"
48.7;"%";"2023-12-01 14:11:09";"CPU";"uso de cpu py";1;"lucas";"ViaMobilidade"
21.9;"%";"2023-12-01 14:10:25";"CPU";"uso de cpu py";1;"lucas";"ViaMobilidade"
9.8;"%";"2023-12-01 14:09:42";"CPU";"uso de cpu py";1;"lucas";"ViaMobilidade"
25.6;"%";"2023-12-01 14:08:59";"CPU";"uso de cpu py";1;"lucas";"ViaMobilidade"
11.7;"%";"2023-12-01 14:08:16";"CPU";"uso de cpu py";1;"lucas";"ViaMobilidade"
47.1;"%";"2023-12-01 14:07:32";"CPU";"uso de cpu py";1;"lucas";"ViaMobilidade"
7.8;"%";"2023-12-01 14:06:48";"CPU";"uso de cpu py";1;"lucas";"ViaMobilidade"
22.6;"%";"2023-12-01 14:06:06";"CPU";"uso de cpu py";1;"lucas";"ViaMobilidade"
20.8;"%";"2023-12-01 14:05:23";"CPU";"uso de cpu py";1;"lucas";"ViaMobilidade"
77.6;"%";"2023-12-01 14:04:39";"CPU";"uso de cpu py";1;"lucas";"ViaMobilidade"
11.5;"%";"2023-12-01 14:03:55";"CPU";"uso de cpu py";1;"lucas";"ViaMobilidade"
21.5;"%";"2023-12-01 14:03:12";"CPU";"uso de cpu py";1;"lucas";"ViaMobilidade"
11.8;"%";"2023-12-01 14:02:29";"CPU";"uso de cpu py";1;"lucas";"ViaMobilidade"
12.0;"%";"2023-12-01 14:01:45";"CPU";"uso de cpu py";1;"lucas";"ViaMobilidade"
10.5;"%";"2023-12-01 14:01:02";"CPU";"uso de cpu py";1;"lucas";"ViaMobilidade"
15.9;"%";"2023-12-01 14:00:19";"CPU";"uso de cpu py";1;"lucas";"ViaMobilidade"
10.9;"%";"2023-12-01 13:59:37";"CPU";"uso de cpu py";1;"lucas";"ViaMobilidade"
10.8;"%";"2023-12-01 13:58:54";"CPU";"uso de cpu py";1;"lucas";"ViaMobilidade"
26.2;"%";"2023-12-01 13:58:11";"CPU";"uso de cpu py";1;"lucas";"ViaMobilidade"
12.2;"%";"2023-12-01 13:57:28";"CPU";"uso de cpu py";1;"lucas";"ViaMobilidade"
5.8;"%";"2023-12-01 13:56:44";"CPU";"uso de cpu py";1;"lucas";"ViaMobilidade"
